Date,Open,High,Low,Close,Adj Close, Volume 
5/18/2012,42.05,45,38,38.23,38.23,"573,576,400"
5/21/2012,36.53,36.66,33,34.03,34.03,"168,192,700"
5/22/2012,32.61,33.59,30.94,31,31,"101,786,600"
5/23/2012,31.37,32.5,31.36,32,32,"73,600,000"
5/24/2012,32.95,33.21,31.77,33.03,33.03,"50,237,200"
5/25/2012,32.9,32.95,31.11,31.91,31.91,"37,149,800"
5/29/2012,31.48,31.69,28.65,28.84,28.84,"78,063,400"
5/30/2012,28.7,29.55,27.86,28.19,28.19,"57,267,900"
5/31/2012,28.55,29.67,26.83,29.6,29.6,"111,639,200"
6/1/2012,28.89,29.15,27.39,27.72,27.72,"41,855,500"
6/4/2012,27.2,27.65,26.44,26.9,26.9,"35,230,300"
6/5/2012,26.7,27.76,25.75,25.87,25.87,"42,473,400"
6/6/2012,26.07,27.17,25.52,26.81,26.81,"61,489,200"
6/7/2012,27,27.35,26.15,26.31,26.31,"26,159,500"
6/8/2012,26.55,27.76,26.44,27.1,27.1,"38,034,000"
6/11/2012,27.18,28.07,26.84,27.01,27.01,"28,219,600"
6/12/2012,27.48,27.77,26.96,27.4,27.4,"15,816,800"
6/13/2012,27.66,28.1,27.1,27.27,27.27,"17,102,800"
6/14/2012,27.65,28.32,27.38,28.29,28.29,"16,855,000"
6/15/2012,28.51,30.1,28.35,30.01,30.01,"43,563,800"
6/18/2012,29.96,32.08,29.41,31.41,31.41,"42,978,900"
6/19/2012,31.54,32.18,30.7,31.91,31.91,"30,849,000"
6/20/2012,31.92,31.93,31.15,31.6,31.6,"15,553,600"
6/21/2012,31.67,32.5,31.51,31.84,31.84,"21,875,300"
6/22/2012,32.41,33.45,32.06,33.05,33.05,"74,834,000"
6/25/2012,32.86,33.02,31.55,32.06,32.06,"24,352,900"
6/26/2012,32.69,33.44,32.5,33.1,33.1,"24,858,700"
6/27/2012,32.46,32.9,31.9,32.23,32.23,"28,568,000"
6/28/2012,31.96,32.19,30.9,31.36,31.36,"17,713,300"
6/29/2012,31.92,31.99,30.76,31.1,31.1,"19,526,900"
7/2/2012,31.25,31.73,30.55,30.77,30.77,"14,122,000"
7/3/2012,30.91,31.44,30.8,31.2,31.2,"8,763,600"
7/5/2012,31.32,31.63,31.02,31.47,31.47,"10,032,100"
7/6/2012,31.44,31.9,31.26,31.73,31.73,"10,945,600"
7/9/2012,32.1,32.88,31.99,32.17,32.17,"17,785,200"
7/10/2012,32.43,32.48,31.16,31.47,31.47,"14,269,500"
7/11/2012,31.48,31.56,30.55,30.97,30.97,"13,030,300"
7/12/2012,30.7,31.4,30.6,30.81,30.81,"11,300,700"
7/13/2012,31.04,31.07,30.56,30.72,30.72,"8,108,300"
7/16/2012,30.5,30.5,28.21,28.25,28.25,"24,672,100"
7/17/2012,28.48,28.59,27.15,28.09,28.09,"30,438,600"
7/18/2012,28.31,29.29,28.15,29.11,29.11,"16,841,800"
7/19/2012,29.41,29.5,28.63,29,29,"13,685,100"
7/20/2012,29,29.47,28.72,28.76,28.76,"11,869,100"
7/23/2012,28.12,29,28.01,28.75,28.75,"12,390,700"
7/24/2012,28.82,29.45,28.1,28.45,28.45,"11,539,800"
7/25/2012,28.39,29.49,28.08,29.34,29.34,"17,230,200"
7/26/2012,27.75,28.23,26.73,26.85,26.85,"64,597,400"
7/27/2012,23.19,24.54,22.28,23.71,23.71,"123,102,300"
7/30/2012,24,24.04,23.03,23.15,23.15,"29,285,900"
7/31/2012,23.37,23.37,21.61,21.71,21.71,"56,179,400"
8/1/2012,21.5,21.58,20.84,20.88,20.88,"44,604,400"
8/2/2012,20.77,20.84,19.82,20.04,20.04,"56,374,500"
8/3/2012,20.36,22.16,19.9,21.09,21.09,"80,647,000"
8/6/2012,21.39,22.15,21.3,21.92,21.92,"27,778,900"
8/7/2012,22.2,22.45,20.5,20.72,20.72,"36,782,900"
8/8/2012,20.71,21.15,20.22,20.72,20.72,"29,537,400"
8/9/2012,20.75,21.17,20.61,21.01,21.01,"15,610,700"
8/10/2012,21.41,21.82,21.13,21.81,21.81,"25,794,700"
8/13/2012,22.15,22.45,21.4,21.6,21.6,"24,973,100"
8/14/2012,21.41,21.6,20.25,20.38,20.38,"39,308,800"
8/15/2012,20.64,21.41,20.4,21.2,21.2,"47,861,100"
8/16/2012,20.44,20.48,19.69,19.87,19.87,"157,565,300"
8/17/2012,20.01,20.08,19,19.05,19.05,"129,293,400"
8/20/2012,19.05,20.13,18.75,20.01,20.01,"101,186,600"
8/21/2012,19.58,19.98,19.09,19.16,19.16,"70,640,600"
8/22/2012,19.36,19.53,18.96,19.44,19.44,"49,892,200"
8/23/2012,19.5,19.73,19.36,19.44,19.44,"32,813,700"
8/24/2012,19.52,19.68,19.25,19.41,19.41,"29,622,200"
8/27/2012,19.49,19.53,19.1,19.15,19.15,"20,704,000"
8/28/2012,19.1,19.38,18.95,19.34,19.34,"25,417,000"
8/29/2012,19.32,19.38,19.07,19.1,19.1,"16,124,700"
8/30/2012,19.27,19.45,19.06,19.09,19.09,"30,647,500"
8/31/2012,18.68,18.7,18.03,18.06,18.06,"58,764,200"
9/4/2012,18.08,18.27,17.55,17.73,17.73,"46,622,400"
9/5/2012,18.27,18.75,18.18,18.58,18.58,"60,781,800"
9/6/2012,18.74,19.26,18.72,18.96,18.96,"46,066,500"
9/7/2012,19.1,19.42,18.78,18.98,18.98,"36,371,700"
9/10/2012,19.06,19.2,18.55,18.81,18.81,"24,797,800"
9/11/2012,18.92,19.58,18.85,19.43,19.43,"50,508,200"
9/12/2012,20.76,21.16,20.28,20.93,20.93,"121,584,000"
9/13/2012,20.96,21.48,20.61,20.71,20.71,"65,041,600"
9/14/2012,21.13,22.08,20.9,22,22,"72,819,800"
9/17/2012,22.67,22.75,21.5,21.52,21.52,"50,667,600"
9/18/2012,21.6,21.98,21.37,21.87,21.87,"36,760,500"
9/19/2012,21.99,23.37,21.77,23.29,23.29,"78,782,800"
9/20/2012,23.02,23.24,22.54,22.59,22.59,"57,248,900"
9/21/2012,22.97,23.24,22.6,22.86,22.86,"51,218,100"
9/24/2012,21.78,21.98,20.36,20.79,20.79,"79,106,500"
9/25/2012,21.2,21.21,20.22,20.28,20.28,"46,291,700"
9/26/2012,20.15,20.78,19.8,20.62,20.62,"38,271,900"
9/27/2012,20.99,21,20.16,20.32,20.32,"30,215,900"
9/28/2012,20.57,21.95,20.5,21.66,21.66,"65,486,000"
10/1/2012,22.08,22.59,21.73,21.99,21.99,"51,262,700"
10/2/2012,22.08,22.49,21.82,22.27,22.27,"29,341,400"
10/3/2012,22.3,22.49,21.8,21.83,21.83,"32,000,100"
10/4/2012,22.32,22.4,21.41,21.95,21.95,"46,892,100"
10/5/2012,21.49,21.63,20.88,20.91,20.91,"40,529,300"
10/8/2012,20.4,20.75,20.16,20.4,20.4,"32,236,700"
10/9/2012,20.39,20.55,19.97,20.23,20.23,"27,161,800"
10/10/2012,19.93,19.94,19.45,19.64,19.64,"39,321,800"
10/11/2012,19.88,19.96,19.61,19.75,19.75,"21,817,300"
10/12/2012,19.75,19.8,19.48,19.52,19.52,"18,809,400"
10/15/2012,19.68,19.88,19.49,19.52,19.52,"20,189,700"
10/16/2012,19.68,19.69,19.3,19.48,19.48,"21,834,700"
10/17/2012,19.5,20.48,19.37,19.88,19.88,"44,074,500"
10/18/2012,19.7,19.79,18.89,18.98,18.98,"52,157,400"
10/19/2012,19,19.06,18.8,19,19,"34,835,000"
10/22/2012,19.2,19.43,19.05,19.32,19.32,"32,447,300"
10/23/2012,19.25,19.8,19.1,19.5,19.5,"78,381,200"
10/24/2012,24.13,24.25,22.85,23.23,23.23,"228,949,900"
10/25/2012,23.29,23.31,22.47,22.56,22.56,"76,142,000"
10/26/2012,22.4,22.88,21.88,21.94,21.94,"73,175,800"
10/31/2012,20.82,21.5,20.73,21.11,21.11,"99,378,200"
11/1/2012,21.08,21.44,21.01,21.21,21.21,"37,713,900"
11/2/2012,21.26,21.69,21.07,21.18,21.18,"38,344,400"
11/5/2012,21.1,21.48,20.92,21.25,21.25,"31,806,700"
11/6/2012,21.24,21.37,20.99,21.17,21.17,"29,062,700"
11/7/2012,20.85,20.95,20.37,20.47,20.47,"33,396,800"
11/8/2012,20.52,20.73,19.98,19.99,19.99,"34,254,600"
11/9/2012,19.96,20,19.13,19.21,19.21,"42,295,500"
11/12/2012,19.15,20.17,18.87,20.07,20.07,"67,349,200"
11/13/2012,19.61,20.11,19.56,19.86,19.86,"71,775,100"
11/14/2012,20.1,22.5,19.93,22.36,22.36,"229,751,000"
11/15/2012,22.34,22.5,21.65,22.17,22.17,"78,857,700"
11/16/2012,22.25,23.93,22.18,23.56,23.56,"107,182,200"
11/19/2012,23.96,24.12,22.82,22.92,22.92,"85,021,300"
11/20/2012,22.73,23.9,22.7,23.1,23.1,"46,655,300"
11/21/2012,23.22,24.53,23.05,24.32,24.32,"89,862,400"
11/23/2012,24.58,24.68,23.88,24,24,"29,520,900"
11/26/2012,24.94,26.09,24.81,25.94,25.94,"123,865,000"
11/27/2012,26.04,26.5,25.46,26.15,26.15,"85,760,600"
11/28/2012,25.94,26.49,25.75,26.36,26.36,"49,205,600"
11/29/2012,26.5,27.52,26.16,27.32,27.32,"88,759,700"
11/30/2012,27.26,28,26.76,28,28,"127,049,600"
12/3/2012,28,28.88,26.98,27.04,27.04,"123,526,100"
12/4/2012,27.06,27.76,26.68,27.46,27.46,"72,869,200"
12/5/2012,27.75,27.9,27.26,27.71,27.71,"58,976,300"
12/6/2012,27.68,27.75,26.82,26.97,26.97,"46,001,500"
12/7/2012,27.07,27.78,26.84,27.49,27.49,"51,751,900"
12/10/2012,27.17,28.17,27.1,27.84,27.84,"50,608,500"
12/11/2012,28.07,28.24,27.66,27.98,27.98,"77,099,100"
12/12/2012,28,28.14,27.37,27.58,27.58,"46,704,200"
12/13/2012,27.59,28.75,27.43,28.24,28.24,"81,051,600"
12/14/2012,28.18,28.33,26.76,26.81,26.81,"91,631,600"
12/17/2012,26.77,27,26.32,26.75,26.75,"57,742,500"
12/18/2012,26.96,27.91,26.9,27.71,27.71,"60,512,900"
12/19/2012,27.83,28.22,26.95,27.41,27.41,"61,390,300"
12/20/2012,27.49,27.6,27.13,27.36,27.36,"35,574,800"
12/21/2012,26.66,27.01,26.12,26.26,26.26,"54,555,200"
12/24/2012,26.5,26.96,26.2,26.93,26.93,"28,230,100"
12/26/2012,27.03,27.18,26.38,26.51,26.51,"33,175,400"
12/27/2012,26.55,26.8,25.52,26.05,26.05,"43,481,700"
12/28/2012,25.48,26.11,25.15,25.91,25.91,"56,574,800"
12/31/2012,26.2,26.99,26.11,26.62,26.62,"60,374,500"
1/2/2013,27.44,28.18,27.42,28,28,"69,846,400"
1/3/2013,27.88,28.47,27.59,27.77,27.77,"63,140,600"
1/4/2013,28.01,28.93,27.83,28.76,28.76,"72,715,400"
1/7/2013,28.69,29.79,28.65,29.42,29.42,"83,781,800"
1/8/2013,29.51,29.6,28.86,29.06,29.06,"45,871,300"
1/9/2013,29.67,30.6,29.49,30.59,30.59,"104,787,700"
1/10/2013,30.6,31.45,30.28,31.3,31.3,"95,316,400"
1/11/2013,31.28,31.96,31.1,31.72,31.72,"89,598,000"
1/14/2013,32.08,32.21,30.62,30.95,30.95,"98,892,800"
1/15/2013,30.64,31.71,29.88,30.1,30.1,"173,242,600"
1/16/2013,30.21,30.35,29.53,29.85,29.85,"75,332,700"
1/17/2013,30.08,30.42,30.03,30.14,30.14,"40,256,700"
1/18/2013,30.31,30.44,29.27,29.66,29.66,"49,631,500"
1/22/2013,29.75,30.89,29.74,30.73,30.73,"55,243,300"
1/23/2013,31.1,31.5,30.8,30.82,30.82,"48,899,800"
1/24/2013,31.27,31.49,30.81,31.08,31.08,"43,845,100"
1/25/2013,31.41,31.93,31.13,31.54,31.54,"54,363,600"
1/28/2013,31.88,32.51,31.81,32.47,32.47,"59,682,500"
1/29/2013,32,32.07,30.71,30.79,30.79,"72,976,500"
1/30/2013,30.98,31.49,30.88,31.24,31.24,"87,682,100"
1/31/2013,29.15,31.47,28.74,30.98,30.98,"190,744,900"
2/1/2013,31.01,31.02,29.63,29.73,29.73,"85,856,700"
2/4/2013,29.06,29.2,28.01,28.11,28.11,"92,362,200"
2/5/2013,28.26,28.96,28.04,28.64,28.64,"47,948,200"
2/6/2013,28.74,29.29,28.66,29.05,29.05,"38,375,900"
2/7/2013,29.11,29.15,28.27,28.65,28.65,"34,540,100"
2/8/2013,28.89,29.17,28.51,28.55,28.55,"37,708,800"
2/11/2013,28.61,28.68,28.04,28.26,28.26,"37,361,800"
2/12/2013,27.67,28.16,27.1,27.37,27.37,"93,498,700"
2/13/2013,27.36,28.32,27.31,27.91,27.91,"50,164,000"
2/14/2013,28.02,28.63,28.01,28.5,28.5,"35,615,800"
2/15/2013,28.52,28.75,28.09,28.32,28.32,"33,109,300"
2/19/2013,28.23,29.08,28.12,28.93,28.93,"49,396,400"
2/20/2013,28.92,29.05,28.33,28.46,28.46,"42,098,200"
2/21/2013,28.28,28.55,27.15,27.28,27.28,"49,642,300"
2/22/2013,27.62,27.63,26.82,27.13,27.13,"36,350,200"
2/25/2013,27.16,27.64,27.15,27.27,27.27,"34,652,000"
2/26/2013,27.36,27.46,26.7,27.39,27.39,"31,611,700"
2/27/2013,27.34,27.34,26.63,26.87,26.87,"44,319,700"
2/28/2013,26.84,27.3,26.34,27.25,27.25,"83,027,800"
3/1/2013,27.05,28.12,26.81,27.78,27.78,"54,064,800"
3/4/2013,27.76,28.06,27.44,27.72,27.72,"32,400,700"
3/5/2013,27.88,28.18,27.21,27.52,27.52,"40,622,200"
3/6/2013,28.1,28.13,27.35,27.45,27.45,"33,532,600"
3/7/2013,27.57,28.68,27.47,28.58,28.58,"74,540,200"
3/8/2013,28.43,28.47,27.73,27.96,27.96,"44,198,900"
3/11/2013,28.01,28.64,27.83,28.14,28.14,"35,642,100"
3/12/2013,28.1,28.32,27.6,27.83,27.83,"27,569,600"
3/13/2013,27.62,27.65,26.92,27.08,27.08,"39,619,500"
3/14/2013,27.1,27.43,26.83,27.04,27.04,"27,646,400"
3/15/2013,27.03,27.06,26.56,26.65,26.65,"31,597,400"
3/18/2013,26.37,26.79,25.78,26.49,26.49,"26,653,700"
3/19/2013,26.53,26.9,26.21,26.55,26.55,"25,254,200"
3/20/2013,26.68,26.69,25.78,25.86,25.86,"44,006,500"
3/21/2013,25.66,26.11,25.56,25.74,25.74,"24,336,100"
3/22/2013,25.8,26.01,25.63,25.73,25.73,"18,456,300"
3/25/2013,25.75,25.8,25.08,25.13,25.13,"39,199,000"
3/26/2013,25.08,25.48,25.03,25.21,25.21,"26,957,200"
3/27/2013,25,26.28,24.72,26.09,26.09,"52,297,400"
3/28/2013,26.09,26.17,25.52,25.58,25.58,"28,585,700"
4/1/2013,25.63,25.89,25.28,25.53,25.53,"22,249,300"
4/2/2013,25.77,26.12,25.3,25.42,25.42,"35,153,300"
4/3/2013,25.83,26.39,25.7,26.25,26.25,"48,195,200"
4/4/2013,26.62,27.23,26.11,27.07,27.07,"82,016,800"
4/5/2013,26.86,27.8,26.61,27.39,27.39,"64,566,600"
4/8/2013,27.19,27.2,26.63,26.85,26.85,"27,256,000"
4/9/2013,26.58,26.89,26.42,26.59,26.59,"21,311,100"
4/10/2013,27.01,27.84,26.9,27.57,27.57,"45,949,400"
4/11/2013,27.48,28.1,27.25,28.02,28.02,"33,368,500"
4/12/2013,28,28,27.24,27.4,27.4,"28,697,400"
4/15/2013,27.16,27.48,26.36,26.52,26.52,"30,275,400"
4/16/2013,26.81,27.11,26.4,26.92,26.92,"27,365,900"
4/17/2013,26.65,27.2,26.39,26.63,26.63,"26,440,600"
4/18/2013,26.82,26.82,25.15,25.69,25.69,"39,059,000"
4/19/2013,25.62,25.96,25.33,25.73,25.73,"20,380,900"
4/22/2013,25.81,26.36,25.7,25.97,25.97,"25,687,600"
4/23/2013,26.22,26.33,25.77,25.98,25.98,"25,191,500"
4/24/2013,25.93,26.4,25.8,26.11,26.11,"19,729,900"
4/25/2013,26.07,26.4,26,26.14,26.14,"17,150,000"
4/26/2013,26.6,27.62,26.6,26.85,26.85,"33,018,000"
4/29/2013,27.16,27.41,26.86,26.98,26.98,"29,201,100"
4/30/2013,27.13,27.85,27.01,27.77,27.77,"36,245,700"
5/1/2013,27.85,27.92,27.31,27.43,27.43,"64,567,600"
5/2/2013,28.01,29.02,27.98,28.97,28.97,"104,257,000"
5/3/2013,29.04,29.07,28.15,28.31,28.31,"58,506,400"
5/6/2013,28.33,28.46,27.48,27.57,27.57,"43,939,400"
5/7/2013,27.55,27.85,26.85,26.89,26.89,"41,259,100"
5/8/2013,26.88,27.3,26.65,27.12,27.12,"34,654,900"
5/9/2013,27.08,27.55,26.85,27.04,27.04,"33,457,200"
5/10/2013,27.14,27.3,26.57,26.68,26.68,"30,847,100"
5/13/2013,26.6,27.33,26.53,26.82,26.82,"29,068,800"
5/14/2013,26.89,27.28,26.82,27.07,27.07,"24,930,300"
5/15/2013,26.92,26.99,26.4,26.6,26.6,"30,299,800"
5/16/2013,26.48,26.55,25.9,26.13,26.13,"35,499,100"
5/17/2013,26.4,26.6,26.2,26.25,26.25,"29,462,700"
5/20/2013,26.18,26.19,25.69,25.76,25.76,"42,402,900"
5/21/2013,25.87,26.08,25.59,25.66,25.66,"26,261,300"
5/22/2013,25.65,25.85,24.92,25.16,25.16,"45,314,500"
5/23/2013,24.8,25.53,24.77,25.06,25.06,"37,663,100"
5/24/2013,24.97,24.97,24.08,24.31,24.31,"58,727,900"
5/28/2013,24.54,24.54,23.92,24.1,24.1,"50,079,700"
5/29/2013,23.79,23.81,23.26,23.32,23.32,"64,237,800"
5/30/2013,24.13,24.78,23.93,24.55,24.55,"60,733,200"
5/31/2013,24.63,24.95,24.27,24.35,24.35,"35,925,000"
6/3/2013,24.27,24.32,23.71,23.85,23.85,"35,733,800"
6/4/2013,23.89,23.93,23.32,23.52,23.52,"34,760,800"
6/5/2013,23.35,23.71,22.79,22.9,22.9,"53,819,700"
6/6/2013,22.99,23.09,22.67,22.97,22.97,"31,260,700"
6/7/2013,23.03,23.4,22.86,23.29,23.29,"38,699,200"
6/10/2013,24.06,24.6,23.99,24.33,24.33,"58,393,000"
6/11/2013,24.03,24.35,24,24.03,24.03,"29,885,900"
6/12/2013,24.16,24.26,23.58,23.77,23.77,"26,445,800"
6/13/2013,23.72,23.83,23.27,23.73,23.73,"31,189,300"
6/14/2013,23.56,23.89,23.26,23.63,23.63,"30,677,100"
6/17/2013,23.91,24.25,23.75,24.02,24.02,"33,664,500"
6/18/2013,24.09,24.69,24.08,24.21,24.21,"36,709,100"
6/19/2013,24.2,25.19,24.1,24.31,24.31,"31,790,600"
6/20/2013,24.28,24.75,23.65,23.9,23.9,"42,765,600"
6/21/2013,24.59,24.7,24.05,24.53,24.53,"45,833,900"
6/24/2013,23.95,24.11,23.38,23.94,23.94,"40,626,000"
6/25/2013,24.14,24.43,24.04,24.25,24.25,"24,713,200"
6/26/2013,24.51,24.65,23.99,24.16,24.16,"29,890,300"
6/27/2013,24.24,24.84,24.21,24.66,24.66,"34,694,100"
6/28/2013,24.68,24.98,24.42,24.88,24.88,"96,778,900"
7/1/2013,24.97,25.06,24.62,24.81,24.81,"20,582,200"
7/2/2013,24.7,24.77,24.3,24.41,24.41,"18,394,100"
7/3/2013,24.22,24.71,24.15,24.52,24.52,"10,404,400"
7/5/2013,24.65,24.66,24.2,24.37,24.37,"20,229,500"
7/8/2013,24.47,25.04,24.42,24.71,24.71,"27,064,600"
7/9/2013,25.07,25.49,25.03,25.48,25.48,"30,387,900"
7/10/2013,25.58,25.83,25.47,25.8,25.8,"26,721,800"
7/11/2013,25.96,26,25.45,25.81,25.81,"26,777,400"
7/12/2013,25.74,25.93,25.55,25.91,25.91,"16,537,900"
7/15/2013,25.93,26.43,25.65,26.28,26.28,"24,234,000"
7/16/2013,26.39,26.75,26.01,26.32,26.32,"30,817,600"
7/17/2013,26.37,26.78,26.3,26.65,26.65,"21,518,500"
7/18/2013,26.75,26.77,26.12,26.18,26.18,"24,806,900"
7/19/2013,25.82,26.11,25.6,25.88,25.88,"46,539,700"
7/22/2013,25.99,26.13,25.72,26.05,26.05,"27,526,300"
7/23/2013,26.1,26.3,25.97,26.13,26.13,"28,221,600"
7/24/2013,26.32,26.53,26.05,26.51,26.51,"82,635,600"
7/25/2013,33.54,34.88,32.75,34.36,34.36,"365,457,900"
7/26/2013,33.77,34.73,33.56,34.01,34.01,"136,028,900"
7/29/2013,34.07,35.63,34.01,35.43,35.43,"124,718,800"
7/30/2013,35.65,37.96,35.32,37.63,37.63,"173,582,800"
7/31/2013,37.96,38.31,36.33,36.8,36.8,"154,828,700"
8/1/2013,37.3,38.29,36.92,37.49,37.49,"106,066,500"
8/2/2013,37.66,38.49,37.5,38.05,38.05,"73,058,500"
8/5/2013,38.43,39.32,38.25,39.19,39.19,"79,994,800"
8/6/2013,39.11,39.25,37.94,38.55,38.55,"63,950,800"
8/7/2013,38.61,38.94,37.7,38.87,38.87,"68,854,800"
8/8/2013,39.13,39.19,38.43,38.54,38.54,"41,301,000"
8/9/2013,38.59,38.74,38.01,38.5,38.5,"43,532,300"
8/12/2013,38.2,38.5,38.1,38.22,38.22,"31,161,000"
8/13/2013,38.24,38.32,36.77,37.02,37.02,"65,379,200"
8/14/2013,36.83,37.55,36.62,36.65,36.65,"48,423,900"
8/15/2013,36.36,37.07,36.02,36.56,36.56,"56,521,100"
8/16/2013,36.97,37.49,36.9,37.08,37.08,"45,840,800"
8/19/2013,37.43,38.28,37.14,37.81,37.81,"57,609,600"
8/20/2013,38.35,38.58,37.69,38.41,38.41,"57,995,200"
8/21/2013,38.38,38.85,38.15,38.32,38.32,"46,116,900"
8/22/2013,38.37,38.75,38.34,38.55,38.55,"21,931,200"
8/23/2013,39,40.63,38.93,40.55,40.55,"86,442,300"
8/26/2013,40.9,41.94,40.62,41.34,41.34,"94,162,400"
8/27/2013,40.68,41.2,39.42,39.64,39.64,"72,695,100"
8/28/2013,39.96,40.85,39.88,40.55,40.55,"57,918,200"
8/29/2013,40.89,41.78,40.8,41.28,41.28,"58,303,400"
8/30/2013,42.02,42.26,41.06,41.29,41.29,"67,735,100"
9/3/2013,41.84,42.16,41.51,41.87,41.87,"48,774,900"
9/4/2013,42.01,42.17,41.44,41.78,41.78,"42,581,900"
9/5/2013,41.79,42.77,41.77,42.66,42.66,"50,035,400"
9/6/2013,43.09,44.61,42.4,43.95,43.95,"117,535,700"
9/9/2013,44.36,44.79,43.7,44.04,44.04,"75,794,700"
9/10/2013,44.24,44.26,43.23,43.6,43.6,"54,540,300"
9/11/2013,43.39,45.09,43.11,45.04,45.04,"72,328,300"
9/12/2013,45.53,45.62,44.65,44.75,44.75,"68,072,300"
9/13/2013,45.04,45.08,43.93,44.31,44.31,"52,765,300"
9/16/2013,44.85,44.94,42.43,42.51,42.51,"70,424,200"
9/17/2013,42.5,45.44,42.43,45.07,45.07,"91,934,600"
9/18/2013,44.84,45.47,44.4,45.23,45.23,"79,317,000"
9/19/2013,45.51,46.05,45.23,45.98,45.98,"63,972,400"
9/20/2013,46.32,47.6,45.74,47.49,47.49,"115,508,400"
9/23/2013,47.28,47.55,46.29,47.19,47.19,"75,177,000"
9/24/2013,48.51,49.66,48.16,48.45,48.45,"136,716,100"
9/25/2013,49.23,49.54,48.46,49.46,49.46,"87,879,700"
9/26/2013,50.01,50.6,49.5,50.39,50.39,"98,220,100"
9/27/2013,50.29,51.28,49.86,51.24,51.24,"81,410,500"
9/30/2013,50.14,51.6,49.8,50.23,50.23,"100,095,000"
10/1/2013,49.97,51.03,49.45,50.42,50.42,"98,114,000"
10/2/2013,50.13,51.1,49.95,50.28,50.28,"62,834,000"
10/3/2013,50.47,50.72,49.06,49.18,49.18,"82,045,000"
10/4/2013,49.77,51.16,49.57,51.04,51.04,"74,447,000"
10/7/2013,50.73,51.29,50.4,50.52,50.52,"57,204,000"
10/8/2013,50.6,50.6,47.08,47.14,47.14,"136,081,000"
10/9/2013,47.38,47.84,45.26,46.77,46.77,"147,297,000"
10/10/2013,47.87,49.68,47.83,49.05,49.05,"99,774,000"
10/11/2013,49.18,49.87,48.79,49.11,49.11,"58,428,000"
10/14/2013,48.31,49.63,47.91,49.51,49.51,"68,781,000"
10/15/2013,49.99,51,49.18,49.5,49.5,"81,167,000"
10/16/2013,50.04,51.24,49.9,51.14,51.14,"64,678,000"
10/17/2013,51.12,52.22,50.95,52.21,52.21,"71,522,000"
10/18/2013,54.18,54.83,53.6,54.22,54.22,"88,260,000"
10/21/2013,54.68,54.81,53.51,53.85,53.85,"58,235,000"
10/22/2013,54.33,54.76,52.2,52.68,52.68,"83,204,000"
10/23/2013,51.75,52.25,51.13,51.9,51.9,"57,207,000"
10/24/2013,52.38,52.84,51.59,52.45,52.45,"46,775,000"
10/25/2013,53.18,53.24,51.88,51.95,51.95,"45,085,000"
10/28/2013,51.54,51.7,49.61,50.23,50.23,"73,472,000"
10/29/2013,50.73,50.79,49.25,49.4,49.4,"102,143,000"
10/30/2013,50,50.21,48.75,49.01,49.01,"127,073,000"
10/31/2013,47.16,52,46.5,50.21,50.21,"248,809,000"
11/1/2013,50.85,52.09,49.72,49.75,49.75,"95,033,000"
11/4/2013,49.37,49.75,48.02,48.22,48.22,"80,371,000"
11/5/2013,47.79,50.18,47.51,50.11,50.11,"76,835,000"
11/6/2013,50.26,50.45,48.71,49.12,49.12,"67,889,000"
11/7/2013,49.24,49.87,47.3,47.56,47.56,"97,128,000"
11/8/2013,47.81,48.65,47.25,47.53,47.53,"70,731,000"
11/11/2013,47.04,47.53,45.73,46.2,46.2,"80,910,000"
11/12/2013,46,47.37,45.83,46.61,46.61,"68,196,000"
11/13/2013,46.23,48.74,46.06,48.71,48.71,"79,245,000"
11/14/2013,48.7,49.57,48.03,48.99,48.99,"75,117,000"
11/15/2013,49.11,49.48,48.71,49.01,49.01,"42,453,000"
11/18/2013,48.47,48.84,45.8,45.83,45.83,"85,910,000"
11/19/2013,46.26,47,45.72,46.36,46.36,"75,602,000"
11/20/2013,46.61,47.55,46.31,46.43,46.43,"53,933,000"
11/21/2013,46.99,47.46,46.69,46.7,46.7,"34,886,000"
11/22/2013,47.04,47.27,45.96,46.23,46.23,"40,545,000"
11/25/2013,46.36,46.65,44.04,44.82,44.82,"82,565,000"
11/26/2013,44.66,46.17,43.55,45.89,45.89,"82,016,000"
11/27/2013,45.97,46.67,45.53,46.49,46.49,"44,993,000"
11/29/2013,46.75,47.21,46.5,47.01,47.01,"22,953,900"
12/2/2013,46.9,47.54,46.26,47.06,47.06,"50,774,000"
12/3/2013,46.75,47.2,46.29,46.73,46.73,"32,086,000"
12/4/2013,46.46,48.77,46.26,48.62,48.62,"60,890,000"
12/5/2013,48.15,48.7,47.87,48.34,48.34,"43,855,000"
12/6/2013,48.98,49.39,47.71,47.94,47.94,"42,938,000"
12/9/2013,48.09,48.97,47.74,48.84,48.84,"36,056,000"
12/10/2013,48.64,50.77,48.54,50.25,50.25,"68,479,000"
12/11/2013,50.55,50.77,49.01,49.38,49.38,"65,776,000"
12/12/2013,51.05,52.07,50.66,51.83,51.83,"92,723,000"
12/13/2013,51.66,53.5,51.34,53.32,53.32,"82,641,000"
12/16/2013,53.25,54.5,52.91,53.81,53.81,"85,119,000"
12/17/2013,54.76,55.18,54.24,54.86,54.86,"78,751,000"
12/18/2013,54.86,55.89,53.75,55.57,55.57,"76,003,000"
12/19/2013,54.33,55.19,53.95,55.05,55.05,"89,753,200"
12/20/2013,54.93,55.15,54.23,55.12,55.12,"239,824,000"
12/23/2013,55.5,58.32,55.45,57.77,57.77,"98,297,000"
12/24/2013,58.27,58.58,56.91,57.96,57.96,"46,617,800"
12/26/2013,58.32,58.38,57.37,57.73,57.73,"55,101,000"
12/27/2013,57.48,57.68,55.25,55.44,55.44,"60,466,000"
12/30/2013,54.93,55.18,53.43,53.71,53.71,"68,307,000"
12/31/2013,54.12,54.86,53.91,54.65,54.65,"43,076,200"
1/2/2014,54.83,55.22,54.19,54.71,54.71,"43,195,500"
1/3/2014,55.02,55.65,54.53,54.56,54.56,"38,246,200"
1/6/2014,54.42,57.26,54.05,57.2,57.2,"68,852,600"
1/7/2014,57.7,58.55,57.22,57.92,57.92,"77,207,400"
1/8/2014,57.6,58.41,57.23,58.23,58.23,"56,682,400"
1/9/2014,58.65,58.96,56.65,57.22,57.22,"92,253,300"
1/10/2014,57.13,58.3,57.06,57.94,57.94,"42,449,500"
1/13/2014,57.91,58.25,55.38,55.91,55.91,"63,010,900"
1/14/2014,56.46,57.78,56.1,57.74,57.74,"37,503,600"
1/15/2014,57.98,58.57,57.27,57.6,57.6,"33,663,400"
1/16/2014,57.26,58.02,56.83,57.19,57.19,"34,541,800"
1/17/2014,57.3,57.82,56.07,56.3,56.3,"40,849,200"
1/21/2014,56.6,58.58,56.5,58.51,58.51,"48,669,200"
1/22/2014,58.85,59.31,57.1,57.51,57.51,"61,352,900"
1/23/2014,56.37,56.68,55.69,56.63,56.63,"47,951,800"
1/24/2014,56.15,56.42,54.4,54.45,54.45,"55,200,700"
1/27/2014,54.73,54.94,51.85,53.55,53.55,"73,924,100"
1/28/2014,54.02,55.28,54,55.14,55.14,"48,191,200"
1/29/2014,54.61,54.95,53.19,53.53,53.53,"92,995,600"
1/30/2014,62.12,62.5,60.46,61.08,61.08,"150,178,900"
1/31/2014,60.47,63.37,60.17,62.57,62.57,"87,794,600"
2/3/2014,63.03,63.77,60.7,61.48,61.48,"74,866,600"
2/4/2014,62.05,63.14,61.82,62.75,62.75,"45,985,500"
2/5/2014,62.74,63.16,61.27,62.19,62.19,"51,685,100"
2/6/2014,61.46,62.78,61.46,62.16,62.16,"42,086,500"
2/7/2014,62.27,64.57,62.22,64.32,64.32,"60,704,300"
2/10/2014,64.3,64.49,63.47,63.55,63.55,"43,666,100"
2/11/2014,63.75,65,63.35,64.85,64.85,"45,675,600"
2/12/2014,64.92,65.06,64.05,64.45,64.45,"47,282,100"
2/13/2014,64.18,67.33,64.05,67.33,67.33,"61,911,700"
2/14/2014,67.5,67.58,66.72,67.09,67.09,"36,694,900"
2/18/2014,66.94,67.54,66.07,67.3,67.3,"43,809,900"
2/19/2014,67.05,69.08,67,68.06,68.06,"62,087,100"
2/20/2014,67.73,70.11,65.73,69.63,69.63,"130,928,900"
2/21/2014,69.69,69.96,68.45,68.59,68.59,"70,932,400"
2/24/2014,68.74,71.44,68.54,70.78,70.78,"76,620,300"
2/25/2014,70.95,71,69.45,69.85,69.85,"52,077,000"
2/26/2014,70.19,71.22,68.85,69.26,69.26,"55,322,700"
2/27/2014,69.34,70.01,68.87,68.94,68.94,"41,653,700"
2/28/2014,69.47,69.88,67.38,68.46,68.46,"66,783,700"
3/3/2014,66.96,68.05,66.51,67.41,67.41,"56,824,100"
3/4/2014,68.66,68.9,67.62,68.8,68.8,"42,013,500"
3/5/2014,69.69,71.97,69.62,71.57,71.57,"74,567,700"
3/6/2014,71.88,71.89,70.25,70.84,70.84,"46,026,500"
3/7/2014,71.08,71.18,69.47,69.8,69.8,"38,927,000"
3/10/2014,70.77,72.15,70.51,72.03,72.03,"59,871,600"
3/11/2014,72.5,72.59,69.96,70.1,70.1,"59,408,300"
3/12/2014,69.86,71.35,69,70.88,70.88,"46,340,500"
3/13/2014,71.29,71.35,68.15,68.83,68.83,"57,091,000"
3/14/2014,68.49,69.43,67.46,67.72,67.72,"48,227,000"
3/17/2014,68.18,68.95,66.62,68.74,68.74,"52,197,000"
3/18/2014,68.76,69.6,68.3,69.19,69.19,"40,827,000"
3/19/2014,69.17,69.29,67.47,68.24,68.24,"43,981,000"
3/20/2014,68.01,68.23,66.82,66.97,66.97,"44,439,000"
3/21/2014,67.53,67.92,66.18,67.24,67.24,"59,999,900"
3/24/2014,67.19,67.36,63.36,64.1,64.1,"85,696,000"
3/25/2014,64.89,66.19,63.78,64.89,64.89,"68,786,000"
3/26/2014,64.74,64.95,60.37,60.39,60.39,"97,503,900"
3/27/2014,60.51,61.9,57.98,60.97,60.97,"112,650,000"
3/28/2014,61.34,61.95,59.34,60.01,60.01,"67,052,000"
3/31/2014,60.78,61.52,59.87,60.24,60.24,"53,011,000"
4/1/2014,60.46,62.66,60.24,62.62,62.62,"59,291,000"
4/2/2014,63.21,63.91,62.21,62.72,62.72,"66,277,000"
4/3/2014,62.55,63.17,59.13,59.49,59.49,"83,859,000"
4/4/2014,59.94,60.2,56.32,56.75,56.75,"125,214,400"
4/7/2014,55.9,58,55.44,56.95,56.95,"108,488,000"
4/8/2014,57.68,58.71,57.17,58.19,58.19,"78,836,000"
4/9/2014,59.63,62.46,59.19,62.41,62.41,"100,215,000"
4/10/2014,63.08,63.18,58.68,59.16,59.16,"114,988,000"
4/11/2014,57.6,60.31,57.31,58.53,58.53,"91,452,000"
4/14/2014,60.09,60.45,57.78,58.89,58.89,"72,325,000"
4/15/2014,59.29,59.68,55.88,59.09,59.09,"108,623,000"
4/16/2014,59.79,60.19,57.74,59.72,59.72,"78,774,000"
4/17/2014,59.3,60.58,58.72,58.94,58.94,"88,040,000"
4/21/2014,59.46,61.24,59.15,61.24,61.24,"60,364,000"
4/22/2014,62.65,63.44,62.22,63.03,63.03,"60,631,000"
4/23/2014,63.45,63.48,61.26,61.36,61.36,"95,908,700"
4/24/2014,63.6,63.65,59.77,60.87,60.87,"138,769,000"
4/25/2014,59.97,60.01,57.57,57.71,57.71,"92,502,000"
4/28/2014,58.05,58.31,54.66,56.14,56.14,"107,758,000"
4/29/2014,56.09,58.28,55.84,58.15,58.15,"75,557,000"
4/30/2014,57.58,59.85,57.16,59.78,59.78,"76,093,000"
5/1/2014,60.43,62.28,60.21,61.15,61.15,"82,429,000"
5/2/2014,61.3,61.89,60.18,60.46,60.46,"54,189,000"
5/5/2014,59.67,61.35,59.18,61.22,61.22,"46,057,000"
5/6/2014,60.98,61.15,58.49,58.53,58.53,"55,901,000"
5/7/2014,58.77,59.3,56.26,57.39,57.39,"78,587,000"
5/8/2014,57.23,58.82,56.5,56.76,56.76,"61,251,000"
5/9/2014,56.85,57.65,56.38,57.24,57.24,"52,584,000"
5/12/2014,57.98,59.9,57.98,59.83,59.83,"48,575,000"
5/13/2014,59.66,60.89,59.51,59.83,59.83,"48,525,000"
5/14/2014,59.53,60.45,58.95,59.23,59.23,"47,429,000"
5/15/2014,59.26,59.38,57.52,57.92,57.92,"56,814,000"
5/16/2014,58.31,58.45,57.31,58.02,58.02,"47,933,000"
5/19/2014,57.89,59.56,57.57,59.21,59.21,"43,034,000"
5/20/2014,59.5,60.19,58.18,58.56,58.56,"53,931,000"
5/21/2014,58.56,60.5,58.25,60.49,60.49,"58,992,000"
5/22/2014,60.94,61.48,60.4,60.52,60.52,"54,200,000"
5/23/2014,60.41,61.45,60.15,61.35,61.35,"38,294,000"
5/27/2014,61.62,63.51,61.57,63.48,63.48,"55,682,000"
5/28/2014,63.39,64.14,62.62,63.51,63.51,"47,795,000"
5/29/2014,63.84,64.3,63.51,63.83,63.83,"42,700,000"
5/30/2014,63.95,64.17,62.56,63.3,63.3,"45,253,500"
6/2/2014,63.23,63.59,62.05,63.08,63.08,"35,996,000"
6/3/2014,62.62,63.42,62.32,62.87,62.87,"32,217,000"
6/4/2014,62.45,63.59,62.07,63.34,63.34,"36,514,000"
6/5/2014,63.66,64.36,62.82,63.19,63.19,"47,352,000"
6/6/2014,63.37,63.48,62.15,62.5,62.5,"42,442,000"
6/9/2014,62.4,63.34,61.79,62.88,62.88,"37,617,000"
6/10/2014,63.53,65.82,63.5,65.77,65.77,"69,338,000"
6/11/2014,65.32,65.8,64.9,65.78,65.78,"44,242,000"
6/12/2014,65.85,66.47,64.06,64.29,64.29,"55,730,000"
6/13/2014,64.7,64.97,63.83,64.5,64.5,"29,419,000"
6/16/2014,64.16,64.88,63.75,64.19,64.19,"31,046,000"
6/17/2014,64.1,64.88,63.93,64.4,64.4,"27,715,000"
6/18/2014,64.49,65.75,64.05,65.6,65.6,"35,570,000"
6/19/2014,65.46,65.58,64.21,64.34,64.34,"34,245,000"
6/20/2014,64.46,64.81,63.35,64.5,64.5,"46,466,000"
6/23/2014,64.32,65.66,64.22,65.37,65.37,"34,560,000"
6/24/2014,65.36,67.17,65.27,65.72,65.72,"57,335,000"
6/25/2014,65.58,67.48,65.57,67.44,67.44,"44,308,000"
6/26/2014,68,68,66.9,67.13,67.13,"47,714,000"
6/27/2014,67.31,67.7,66.84,67.6,67.6,"46,461,000"
6/30/2014,67.46,67.92,67.13,67.29,67.29,"27,102,800"
7/1/2014,67.58,68.44,67.39,68.06,68.06,"33,243,000"
7/2/2014,68.04,68.3,65.79,66.45,66.45,"41,895,000"
7/3/2014,66.86,67,65.76,66.29,66.29,"25,203,200"
7/7/2014,66.3,66.57,65.12,65.29,65.29,"28,745,000"
7/8/2014,65.06,65.56,62.21,62.76,62.76,"68,926,000"
7/9/2014,63.41,65.12,63.15,64.97,64.97,"51,432,000"
7/10/2014,63.31,65.34,63.05,64.87,64.87,"44,422,000"
7/11/2014,65.28,66.59,64.79,66.34,66.34,"39,212,000"
7/14/2014,67.13,68.17,66.9,67.9,67.9,"38,537,000"
7/15/2014,67.96,68.09,66.26,67.17,67.17,"44,213,200"
7/16/2014,67.54,67.94,67.07,67.66,67.66,"29,541,600"
7/17/2014,67.03,67.85,66.04,66.41,66.41,"38,188,000"
7/18/2014,66.8,68.46,66.16,68.42,68.42,"42,456,000"
7/21/2014,68.81,69.96,68.5,69.4,69.4,"49,539,000"
7/22/2014,69.76,69.77,68.61,69.27,69.27,"40,398,000"
7/23/2014,69.74,71.33,69.61,71.29,71.29,"78,435,000"
7/24/2014,75.96,76.74,74.51,74.98,74.98,"124,168,000"
7/25/2014,74.99,75.67,74.66,75.19,75.19,"45,917,000"
7/28/2014,75.17,75.5,73.85,74.92,74.92,"41,725,000"
7/29/2014,74.72,74.92,73.42,73.71,73.71,"41,324,000"
7/30/2014,74.21,75.19,74.13,74.68,74.68,"36,853,000"
7/31/2014,74,74.17,72.44,72.65,72.65,"43,992,000"
8/1/2014,72.22,73.22,71.55,72.36,72.36,"43,535,000"
8/4/2014,72.36,73.88,72.36,73.51,73.51,"30,777,000"
8/5/2014,73.2,73.59,72.18,72.69,72.69,"34,986,000"
8/6/2014,72.02,73.72,71.79,72.47,72.47,"30,986,000"
8/7/2014,73,74,72.7,73.17,73.17,"38,141,000"
8/8/2014,73.4,73.43,72.56,73.06,73.06,"27,202,000"
8/11/2014,73.46,73.91,73.06,73.44,73.44,"24,591,000"
8/12/2014,73.09,73.33,72.22,72.83,72.83,"27,419,000"
8/13/2014,73.12,74.25,73.05,73.77,73.77,"29,266,000"
8/14/2014,73.97,74.38,73.69,74.3,74.3,"22,207,000"
8/15/2014,74.32,74.65,73,73.63,73.63,"38,846,600"
8/18/2014,74,74.72,73.96,74.59,74.59,"23,974,000"
8/19/2014,74.81,75.58,74.51,75.29,75.29,"26,679,000"
8/20/2014,74.97,75.18,74.62,74.81,74.81,"22,917,000"
8/21/2014,74.92,75.19,74.41,74.57,74.57,"20,102,000"
8/22/2014,74.34,74.73,73.57,74.57,74.57,"20,897,000"
8/25/2014,74.94,75.28,74.79,75.02,75.02,"19,734,000"
8/26/2014,75,75.99,74.73,75.96,75.96,"23,993,000"
8/27/2014,75.27,75.49,74.46,74.63,74.63,"36,323,000"
8/28/2014,74,74.43,73.73,73.86,73.86,"21,947,000"
8/29/2014,74.3,74.82,74.01,74.82,74.82,"26,241,000"
9/2/2014,75.01,76.7,74.82,76.68,76.68,"34,979,000"
9/3/2014,77.14,77.48,75.6,75.83,75.83,"32,389,000"
9/4/2014,75.89,76.93,75.53,75.95,75.95,"26,676,000"
9/5/2014,76.1,77.38,75.6,77.26,77.26,"29,476,000"
9/8/2014,77.26,78.17,77.01,77.89,77.89,"28,183,000"
9/9/2014,77.59,78.17,76.2,76.67,76.67,"28,882,000"
9/10/2014,76.52,77.95,76.51,77.43,77.43,"29,909,000"
9/11/2014,77.13,78.36,77.05,77.92,77.92,"32,219,000"
9/12/2014,78.02,78.3,77.1,77.48,77.48,"26,676,800"
9/15/2014,77.15,77.25,73.43,74.58,74.58,"49,679,000"
9/16/2014,73.52,76.23,73.07,76.08,76.08,"37,742,000"
9/17/2014,75.96,77.25,75.57,76.43,76.43,"28,693,000"
9/18/2014,76.77,77.33,76.52,77,77,"23,031,000"
9/19/2014,77.4,78.3,76.44,77.91,77.91,"76,671,000"
9/22/2014,77,77.53,75.95,76.8,76.8,"31,961,000"
9/23/2014,76.33,78.63,76.04,78.29,78.29,"36,814,000"
9/24/2014,78.1,78.62,77.51,78.54,78.54,"30,680,000"
9/25/2014,78.6,78.94,77.13,77.22,77.22,"37,533,000"
9/26/2014,77.59,78.84,77.33,78.79,78.79,"28,872,000"
9/29/2014,78.12,79.2,77.91,79,79,"34,031,000"
9/30/2014,79.35,79.71,78.6,79.04,79.04,"35,899,000"
10/1/2014,78.78,78.82,75.9,76.55,76.55,"55,090,000"
10/2/2014,76.57,77.48,75.64,77.08,77.08,"36,488,000"
10/3/2014,77.76,78.06,77.26,77.44,77.44,"23,340,000"
10/6/2014,77.19,77.89,76.85,77.56,77.56,"25,729,000"
10/7/2014,77.05,77.95,76.24,76.29,76.29,"25,317,000"
10/8/2014,76.18,77.71,75.1,77.52,77.52,"32,976,000"
10/9/2014,77.28,77.76,75.85,75.91,75.91,"32,487,000"
10/10/2014,75.59,76.5,72.76,72.91,72.91,"52,146,000"
10/13/2014,73.23,74.78,72.52,72.99,72.99,"43,938,000"
10/14/2014,74,74.18,72.05,73.59,73.59,"50,299,000"
10/15/2014,71.69,73.8,70.32,73.21,73.21,"61,528,000"
10/16/2014,70.79,73.35,70.58,72.63,72.63,"53,529,000"
10/17/2014,74.23,76,73.75,75.95,75.95,"76,342,000"
10/20/2014,75.6,77.09,75.38,76.95,76.95,"34,701,000"
10/21/2014,77.56,78.74,77.15,78.69,78.69,"32,252,000"
10/22/2014,78.82,79.85,78.01,78.37,78.37,"41,862,000"
10/23/2014,79.38,80.63,79.01,80.04,80.04,"35,056,000"
10/24/2014,80.2,80.82,79.32,80.67,80.67,"32,248,000"
10/27/2014,80.74,80.8,79.76,80.28,80.28,"30,169,000"
10/28/2014,80.18,81.16,79.57,80.77,80.77,"74,212,000"
10/29/2014,75.45,76.88,74.78,75.86,75.86,"106,120,000"
10/30/2014,75.05,75.35,72.9,74.11,74.11,"83,270,000"
10/31/2014,74.93,75.7,74.45,74.99,74.99,"44,544,000"
11/3/2014,75.47,75.52,73.7,73.88,73.88,"40,727,000"
11/4/2014,74.23,75.77,73.65,75.76,75.76,"39,326,000"
11/5/2014,76.51,76.8,74.42,74.83,74.83,"35,913,000"
11/6/2014,74.89,75.6,74.31,75.26,75.26,"21,383,000"
11/7/2014,75.39,75.86,75.02,75.6,75.6,"20,774,000"
11/10/2014,75.36,75.48,74.61,75,75,"21,575,100"
11/11/2014,74.95,74.98,74.03,74.61,74.61,"18,715,700"
11/12/2014,74.28,75.14,73.54,74.72,74.72,"26,536,600"
11/13/2014,74.74,75.24,73.64,74.25,74.25,"26,448,500"
11/14/2014,74.27,74.93,74.04,74.88,74.88,"19,476,900"
11/17/2014,74.88,75.66,73.88,74.24,74.24,"28,701,200"
11/18/2014,74.45,74.8,73.9,74.34,74.34,"20,690,500"
11/19/2014,74.01,74.54,73.11,73.33,73.33,"25,441,200"
11/20/2014,72.8,73.99,72.51,73.6,73.6,"19,154,900"
11/21/2014,74.5,74.5,73.5,73.75,73.75,"23,060,400"
11/24/2014,73.54,74.35,73.35,74.01,74.01,"22,103,800"
11/25/2014,74.21,75.74,74.13,75.63,75.63,"32,250,200"
11/26/2014,75.53,77.78,75.51,77.62,77.62,"32,695,300"
11/28/2014,77.67,78.27,77.23,77.7,77.7,"15,992,000"
12/1/2014,77.26,77.31,74.8,75.1,75.1,"31,789,900"
12/2/2014,75.33,75.91,75.04,75.46,75.46,"16,773,900"
12/3/2014,75.38,75.73,74.4,74.88,74.88,"16,689,900"
12/4/2014,74.83,75.55,74.66,75.24,75.24,"14,362,800"
12/5/2014,75.8,76.76,75.36,76.36,76.36,"24,306,400"
12/8/2014,76.18,77.25,75.4,76.52,76.52,"25,733,900"
12/9/2014,75.2,76.93,74.78,76.84,76.84,"25,358,600"
12/10/2014,76.65,77.55,76.07,76.18,76.18,"32,210,500"
12/11/2014,76.52,78.52,76.48,77.73,77.73,"33,462,100"
12/12/2014,77.16,78.88,77.02,77.83,77.83,"28,091,600"
12/15/2014,78.46,78.58,76.56,76.99,76.99,"29,396,500"
12/16/2014,76.19,77.39,74.59,74.69,74.69,"31,554,600"
12/17/2014,75.01,76.41,74.9,76.11,76.11,"29,203,900"
12/18/2014,76.89,78.4,76.51,78.4,78.4,"34,222,100"
12/19/2014,78.75,80,78.33,79.88,79.88,"43,335,000"
12/22/2014,80.08,81.89,80,81.45,81.45,"31,395,800"
12/23/2014,82.02,82.17,80.4,80.61,80.61,"19,865,800"
12/24/2014,81.03,81.43,80.75,80.77,80.77,"7,685,500"
12/26/2014,81.02,81.28,80.51,80.78,80.78,"10,647,400"
12/29/2014,80.49,80.96,79.71,80.02,80.02,"14,134,700"
12/30/2014,79.85,80.59,79.1,79.22,79.22,"14,370,800"
12/31/2014,79.54,79.8,77.86,78.02,78.02,"19,935,400"
1/2/2015,78.58,78.93,77.7,78.45,78.45,"18,177,500"
1/5/2015,77.98,79.25,76.86,77.19,77.19,"26,452,200"
1/6/2015,77.23,77.59,75.36,76.15,76.15,"27,399,300"
1/7/2015,76.76,77.36,75.82,76.15,76.15,"22,045,300"
1/8/2015,76.74,78.23,76.08,78.18,78.18,"23,961,000"
1/9/2015,78.2,78.62,77.2,77.74,77.74,"21,157,000"
1/12/2015,77.84,78,76.21,76.72,76.72,"19,190,200"
1/13/2015,77.23,78.08,75.85,76.45,76.45,"25,179,600"
1/14/2015,76.42,77.2,76.03,76.28,76.28,"25,918,600"
1/15/2015,76.4,76.57,73.54,74.05,74.05,"34,134,000"
1/16/2015,74.04,75.32,73.84,75.18,75.18,"21,791,500"
1/20/2015,75.72,76.31,74.82,76.24,76.24,"22,821,600"
1/21/2015,76.16,77.3,75.85,76.74,76.74,"25,096,700"
1/22/2015,77.17,77.75,76.68,77.65,77.65,"19,519,500"
1/23/2015,77.65,78.19,77.04,77.83,77.83,"16,746,500"
1/26/2015,77.98,78.47,77.29,77.5,77.5,"19,260,800"
1/27/2015,76.71,76.88,75.63,75.78,75.78,"20,110,000"
1/28/2015,76.9,77.64,76,76.24,76.24,"53,306,400"
1/29/2015,76.85,78.02,74.21,78,78,"61,293,500"
1/30/2015,78,78.16,75.75,75.91,75.91,"42,649,500"
2/2/2015,76.11,76.14,73.75,74.99,74.99,"41,955,300"
2/3/2015,75.19,75.58,73.86,75.4,75.4,"26,957,700"
2/4/2015,75.09,76.35,75.01,75.63,75.63,"20,277,400"
2/5/2015,75.71,75.98,75.21,75.61,75.61,"15,062,600"
2/6/2015,75.68,75.7,74.25,74.47,74.47,"21,211,000"
2/9/2015,74.05,74.83,73.45,74.44,74.44,"16,194,300"
2/10/2015,74.85,75.34,74.5,75.19,75.19,"15,811,300"
2/11/2015,75.09,76.75,75.03,76.51,76.51,"20,877,400"
2/12/2015,76.86,76.87,75.89,76.23,76.23,"17,235,000"
2/13/2015,76.46,76.48,75.5,75.74,75.74,"18,621,900"
2/17/2015,75.3,76.91,75.08,75.6,75.6,"25,254,400"
2/18/2015,75.94,76.9,75.45,76.71,76.71,"22,426,400"
2/19/2015,76.99,79.84,76.95,79.42,79.42,"45,851,200"
2/20/2015,79.55,80.34,79.2,79.9,79.9,"36,931,700"
2/23/2015,79.96,80.19,78.38,78.84,78.84,"24,139,100"
2/24/2015,78.5,79.48,78.1,78.45,78.45,"18,897,100"
2/25/2015,78.5,80.2,78.5,79.56,79.56,"25,593,800"
2/26/2015,79.88,81.37,79.72,80.41,80.41,"31,111,900"
2/27/2015,80.68,81.23,78.62,78.97,78.97,"30,739,200"
3/2/2015,79,79.86,78.52,79.75,79.75,"21,662,500"
3/3/2015,79.61,79.7,78.52,79.6,79.6,"18,635,000"
3/4/2015,79.3,81.15,78.85,80.9,80.9,"28,126,700"
3/5/2015,81.23,81.99,81.05,81.21,81.21,"27,825,700"
3/6/2015,80.9,81.33,79.83,80.01,80.01,"24,488,600"
3/9/2015,79.68,79.91,78.63,79.44,79.44,"18,925,100"
3/10/2015,78.5,79.26,77.55,77.55,77.55,"23,067,100"
3/11/2015,77.8,78.43,77.26,77.57,77.57,"20,215,700"
3/12/2015,78.1,79.05,77.91,78.93,78.93,"16,093,300"
3/13/2015,78.6,79.38,77.68,78.05,78.05,"18,557,300"
3/16/2015,77.96,78.12,77.36,78.07,78.07,"19,305,400"
3/17/2015,78.36,79.78,78.34,79.36,79.36,"22,170,000"
3/18/2015,79.25,81.24,79.17,80.91,80.91,"36,912,400"
3/19/2015,81.12,83,81,82.75,82.75,"42,099,500"
3/20/2015,83.39,84.6,83.07,83.8,83.8,"44,466,300"
3/23/2015,83.92,84.96,83.3,84.43,84.43,"27,357,300"
3/24/2015,84.71,86.07,84.52,85.31,85.31,"32,576,500"
3/25/2015,85.5,85.52,82.92,82.92,82.92,"37,436,100"
3/26/2015,82.72,83.77,82.14,83.01,83.01,"32,794,800"
3/27/2015,83.38,83.95,82.88,83.3,83.3,"18,372,600"
3/30/2015,83.81,84.34,82.41,83.2,83.2,"24,527,700"
3/31/2015,82.9,83.5,82.21,82.22,82.22,"19,734,300"
4/1/2015,82.5,82.72,80.87,81.67,81.67,"22,058,200"
4/2/2015,82.25,82.56,81.44,81.56,81.56,"19,664,100"
4/6/2015,80.8,82.81,80.8,82.44,82.44,"19,062,900"
4/7/2015,82.65,83.42,82.22,82.32,82.32,"17,467,000"
4/8/2015,82.63,83.1,81.84,82.28,82.28,"18,966,700"
4/9/2015,82.5,82.8,81.71,82.17,82.17,"15,927,300"
4/10/2015,82.21,82.61,81.91,82.04,82.04,"12,529,700"
4/13/2015,81.93,83.94,81.92,83.01,83.01,"26,883,100"
4/14/2015,83.17,83.69,82.44,83.52,83.52,"19,634,200"
4/15/2015,83.55,83.66,82.27,82.71,82.71,"22,390,900"
4/16/2015,82.47,83.07,82.15,82.31,82.31,"13,769,700"
4/17/2015,81.48,82.11,80.37,80.78,80.78,"24,215,000"
4/20/2015,81.54,83.15,81.24,83.09,83.09,"28,796,800"
4/21/2015,84,84.49,83.54,83.62,83.62,"27,171,900"
4/22/2015,84.32,84.74,83.65,84.63,84.63,"45,548,000"
4/23/2015,84.1,85.59,82.41,82.41,82.41,"73,728,100"
4/24/2015,82.77,82.94,81.48,81.53,81.53,"29,660,400"
4/27/2015,81.87,82.93,81.63,81.91,81.91,"25,446,000"
4/28/2015,81.83,81.9,80.23,80.68,80.68,"23,775,300"
4/29/2015,80.01,81.39,79.52,80.47,80.47,"26,430,300"
4/30/2015,80.01,80.96,78.32,78.77,78.77,"28,999,000"
5/1/2015,79.24,79.76,78.11,78.99,78.99,"24,136,400"
5/4/2015,79.33,79.69,78.63,78.81,78.81,"14,692,000"
5/5/2015,78.55,78.8,77.22,77.56,77.56,"22,311,300"
5/6/2015,77.97,78.81,77.05,78.1,78.1,"28,663,000"
5/7/2015,78,78.94,77.56,78.43,78.43,"19,749,400"
5/8/2015,79.1,79.23,78.03,78.51,78.51,"19,943,600"
5/11/2015,78.48,79.03,77.93,78.01,78.01,"18,874,100"
5/12/2015,77.87,77.89,76.79,77.46,77.46,"21,285,300"
5/13/2015,77.72,78.53,77.65,78.44,78.44,"21,512,300"
5/14/2015,78.94,81.85,78.67,81.37,81.37,"49,438,000"
5/15/2015,81.41,81.52,80.18,80.42,80.42,"27,069,900"
5/18/2015,80.33,81.38,80.23,80.88,80.88,"21,613,700"
5/19/2015,81.25,81.69,80.55,80.63,80.63,"17,955,400"
5/20/2015,80.47,81.1,79.46,80.55,80.55,"23,056,900"
5/21/2015,80.19,80.92,80.08,80.48,80.48,"13,402,700"
5/22/2015,80.35,81.31,80.25,80.54,80.54,"19,567,900"
5/26/2015,80.43,80.6,79.08,79.33,79.33,"16,321,300"
5/27/2015,79.6,80.66,79.43,80.55,80.55,"14,160,900"
5/28/2015,80.25,81.07,80,80.15,80.15,"11,982,000"
5/29/2015,79.95,80.07,78.88,79.19,79.19,"16,134,600"
6/1/2015,79.3,80.38,78.66,80.29,80.29,"18,119,000"
6/2/2015,79.76,81.35,79.56,80.44,80.44,"18,923,300"
6/3/2015,81.35,82.53,81.25,82.44,82.44,"31,775,000"
6/4/2015,82.14,82.95,81.51,82.05,82.05,"20,863,900"
6/5/2015,81.87,82.46,81.51,82.14,82.14,"16,143,100"
6/8/2015,81.82,82,80.13,80.67,80.67,"16,915,500"
6/9/2015,80.6,81.19,79.32,80.67,80.67,"16,497,500"
6/10/2015,80.83,82.6,80.81,82.16,82.16,"21,531,200"
6/11/2015,82.31,82.9,81.36,81.83,81.83,"18,656,800"
6/12/2015,81.37,82.09,81.2,81.53,81.53,"11,417,900"
6/15/2015,80.55,80.93,80.07,80.71,80.71,"18,805,100"
6/16/2015,80.82,81.51,80.45,81.06,81.06,"13,693,700"
6/17/2015,81.76,82.22,81.34,81.79,81.79,"18,350,300"
6/18/2015,81.64,83.19,81.57,82.91,82.91,"26,782,600"
6/19/2015,82.83,82.98,82.12,82.51,82.51,"23,353,200"
6/22/2015,83.41,84.97,83.31,84.74,84.74,"29,383,100"
6/23/2015,84.96,87.97,84.76,87.88,87.88,"50,667,900"
6/24/2015,87.66,89.25,87.45,88.86,88.86,"41,370,200"
6/25/2015,89.26,89.4,87.84,87.98,87.98,"27,302,000"
6/26/2015,88.12,88.34,86.83,88.01,88.01,"38,214,600"
6/29/2015,86.61,87.5,85.73,85.8,85.8,"35,957,900"
6/30/2015,86.6,86.7,85.57,85.77,85.77,"23,016,500"
7/1/2015,86.77,87.95,86.49,86.91,86.91,"25,260,000"
7/2/2015,87.4,87.44,86.34,87.29,87.29,"16,908,800"
7/6/2015,86.49,88.19,86.39,87.55,87.55,"24,635,900"
7/7/2015,87.8,87.85,85.23,87.22,87.22,"33,059,900"
7/8/2015,86.29,86.75,85.45,85.65,85.65,"24,399,300"
7/9/2015,86.73,87.6,85.65,85.88,85.88,"23,307,400"
7/10/2015,87.35,88.22,86.77,87.95,87.95,"23,245,900"
7/13/2015,88.66,90.22,88.42,90.1,90.1,"29,976,700"
7/14/2015,90.46,90.8,89.65,89.68,89.68,"26,627,800"
7/15/2015,90,90.99,89.42,89.76,89.76,"30,886,600"
7/16/2015,90.28,90.86,89.77,90.85,90.85,"21,804,100"
7/17/2015,92.55,95.39,92.54,94.97,94.97,"54,001,600"
7/20/2015,95.85,98.6,95.36,97.91,97.91,"54,860,500"
7/21/2015,98.95,99.24,97.14,98.39,98.39,"39,453,300"
7/22/2015,96.74,97.58,95.92,97.04,97.04,"28,299,500"
7/23/2015,96.96,97.45,94.81,95.44,95.44,"29,418,800"
7/24/2015,97.35,97.76,95.88,96.95,96.95,"33,444,900"
7/27/2015,96.58,96.61,93.83,94.17,94.17,"38,585,400"
7/28/2015,94.84,95.56,93.31,95.29,95.29,"35,236,000"
7/29/2015,96.32,97.28,94.74,96.99,96.99,"64,648,300"
7/30/2015,94.91,95.81,91.8,95.21,95.21,"86,211,300"
7/31/2015,94.95,96.33,93.95,94.01,94.01,"46,509,000"
8/3/2015,93.53,95.08,92.8,94.14,94.14,"29,343,100"
8/4/2015,93.79,94.73,93.33,94.06,94.06,"20,136,000"
8/5/2015,95.25,97.09,95.18,96.44,96.44,"29,813,200"
8/6/2015,97.18,98.74,94.42,95.12,95.12,"42,271,300"
8/7/2015,95.38,95.4,93.61,94.3,94.3,"23,199,100"
8/10/2015,95.68,95.9,93.63,94.15,94.15,"21,624,200"
8/11/2015,93.73,94.76,92.9,93.62,93.62,"22,491,000"
8/12/2015,92.7,94.44,91.19,94.19,94.19,"27,050,500"
8/13/2015,94.05,94.73,93.35,93.43,93.43,"17,451,800"
8/14/2015,93.54,94.72,93.21,94.42,94.42,"15,929,700"
8/17/2015,94.42,94.46,93.39,93.93,93.93,"18,313,500"
8/18/2015,94.08,95.85,94.04,95.17,95.17,"22,278,800"
8/19/2015,94.63,96.1,94.16,95.31,95.31,"23,251,300"
8/20/2015,93.54,94.77,90.46,90.56,90.56,"44,598,200"
8/21/2015,87.52,89.18,85.61,86.06,86.06,"62,778,700"
8/24/2015,77.03,82.09,72,82.09,82.09,"83,710,700"
8/25/2015,86.95,87.67,83,83,83,"52,021,200"
8/26/2015,85.95,87.46,83.26,87.19,87.19,"45,124,300"
8/27/2015,89.1,90.06,87.19,89.73,89.73,"42,431,400"
8/28/2015,89.88,91.48,89.79,91.01,91.01,"33,215,900"
8/31/2015,90.6,91.05,88.89,89.43,89.43,"32,850,700"
9/1/2015,86.85,89.39,86.5,87.23,87.23,"36,097,400"
9/2/2015,88.81,89.89,87.63,89.89,89.89,"27,190,500"
9/3/2015,89.76,89.82,87.73,88.15,88.15,"27,048,200"
9/4/2015,87.2,88.39,86.7,88.26,88.26,"27,328,700"
9/8/2015,89.69,90.24,88.83,89.53,89.53,"27,012,500"
9/9/2015,90.78,91.98,90.17,90.44,90.44,"32,551,100"
9/10/2015,90.07,92.06,89.63,91.98,91.98,"26,437,400"
9/11/2015,91.68,92.08,91.13,92.05,92.05,"21,185,000"
9/14/2015,92.31,92.62,91.6,92.31,92.31,"20,127,900"
9/15/2015,92.37,93.25,91.79,92.9,92.9,"18,859,400"
9/16/2015,92.9,93.6,92.63,93.45,93.45,"16,321,200"
9/17/2015,93.37,95.51,92.9,94.34,94.34,"27,841,800"
9/18/2015,93.2,95.19,93.05,94.4,94.4,"62,300,000"
9/21/2015,94.62,96.49,94.52,95.55,95.55,"28,790,000"
9/22/2015,93.77,94.68,91.92,92.96,92.96,"36,888,900"
9/23/2015,93.4,94.32,92.8,93.97,93.97,"21,701,400"
9/24/2015,93.06,94.77,92.24,94.41,94.41,"29,106,000"
9/25/2015,95.79,95.85,92.06,92.77,92.77,"28,961,600"
9/28/2015,92.08,92.29,88.18,89.21,89.21,"41,199,900"
9/29/2015,89.1,90.06,85.72,86.67,86.67,"42,281,800"
9/30/2015,88.44,90.02,88.01,89.9,89.9,"36,169,100"
10/1/2015,90.05,90.95,88.36,90.95,90.95,"29,283,700"
10/2/2015,88.9,92.2,88.37,92.07,92.07,"37,881,700"
10/5/2015,92.94,94.27,92.66,94.01,94.01,"27,292,500"
10/6/2015,94.08,94.17,92.34,92.8,92.8,"22,172,800"
10/7/2015,93.11,93.66,91.37,92.4,92.4,"24,129,300"
10/8/2015,91.89,93.22,90.47,92.47,92.47,"27,290,500"
10/9/2015,92.9,93.74,92.24,93.24,93.24,"20,012,900"
10/12/2015,93.32,94.6,92.67,94.26,94.26,"18,449,600"
10/13/2015,93.66,95.37,93.55,94.12,94.12,"19,480,300"
10/14/2015,94.08,95.2,93.61,94.07,94.07,"19,253,400"
10/15/2015,94.99,96.3,94.9,95.96,95.96,"27,557,500"
10/16/2015,96.18,97.59,95.35,97.54,97.54,"25,412,900"
10/19/2015,97.18,98.57,96.92,98.47,98.47,"23,729,900"
10/20/2015,98.73,99.59,96.56,97,97,"30,881,800"
10/21/2015,97.37,98.18,96.47,97.11,97.11,"21,917,800"
10/22/2015,97.79,99.73,97.55,99.67,99.67,"26,392,100"
10/23/2015,101.91,102.85,100.16,102.19,102.19,"42,809,700"
10/26/2015,102.2,103.81,101.55,103.77,103.77,"25,961,200"
10/27/2015,102.94,104.1,102.4,103.7,103.7,"23,795,500"
10/28/2015,103.9,104.48,102.92,104.2,104.2,"24,081,500"
10/29/2015,103.96,105.12,103.52,104.88,104.88,"20,316,700"
10/30/2015,104.51,104.72,101.65,101.97,101.97,"33,487,100"
11/2/2015,101.72,103.47,101.18,103.31,103.31,"24,003,900"
11/3/2015,103.22,103.65,102.4,102.58,102.58,"21,242,300"
11/4/2015,103.19,104.14,102.48,103.94,103.94,"43,469,300"
11/5/2015,108.8,110.65,107.95,108.76,108.76,"63,232,900"
11/6/2015,108.04,108.74,105.91,107.1,107.1,"35,084,300"
11/9/2015,107,108.25,105.86,106.49,106.49,"26,383,500"
11/10/2015,105.96,108.15,105.24,107.91,107.91,"25,031,700"
11/11/2015,108.27,109.87,107.11,109.01,109.01,"25,057,100"
11/12/2015,108.48,109.39,108,108.02,108.02,"20,924,700"
11/13/2015,107.71,108.25,103.83,103.95,103.95,"30,278,400"
11/16/2015,103.32,104.17,100.47,104.04,104.04,"49,309,200"
11/17/2015,104.62,106.2,104.14,105.13,105.13,"26,807,200"
11/18/2015,105.8,107.88,105.39,107.77,107.77,"23,836,500"
11/19/2015,107.36,107.73,105.95,106.26,106.26,"25,520,600"
11/20/2015,106.84,107.87,106.62,107.32,107.32,"22,129,600"
11/23/2015,107.19,107.47,106.08,106.95,106.95,"19,897,200"
11/24/2015,106,106.49,104.39,105.74,105.74,"23,577,300"
11/25/2015,106.33,106.6,105.1,105.41,105.41,"15,150,800"
11/27/2015,105.78,105.96,104.86,105.45,105.45,"5,913,100"
11/30/2015,105.84,106.1,103.75,104.24,104.24,"20,383,200"
12/1/2015,104.83,107.15,104.5,107.12,107.12,"22,781,900"
12/2/2015,107,107.92,105.79,106.07,106.07,"24,429,100"
12/3/2015,106.27,106.85,103.35,104.38,104.38,"23,236,500"
12/4/2015,104.81,107.73,104.11,106.18,106.18,"21,224,700"
12/7/2015,106.48,106.83,104.66,105.61,105.61,"15,474,900"
12/8/2015,104,106.91,103.95,106.49,106.49,"20,401,800"
12/9/2015,106.18,106.44,103.55,104.6,104.6,"23,517,300"
12/10/2015,105.05,106.4,104.41,105.42,105.42,"17,454,300"
12/11/2015,104.15,104.34,101.91,102.12,102.12,"26,427,700"
12/14/2015,102.29,104.74,101.46,104.66,104.66,"24,648,100"
12/15/2015,105.3,105.8,104.28,104.55,104.55,"21,764,300"
12/16/2015,105.37,107.09,104.19,106.79,106.79,"22,680,500"
12/17/2015,107.49,107.75,106.13,106.22,106.22,"21,675,700"
12/18/2015,106.08,106.59,103.97,104.04,104.04,"35,994,200"
12/21/2015,104.91,105.15,103.6,104.77,104.77,"16,138,800"
12/22/2015,105.22,105.66,104.81,105.51,105.51,"14,597,100"
12/23/2015,105.89,106.11,103.86,104.63,104.63,"19,599,700"
12/24/2015,104.74,105.32,104.5,105.02,105.02,"6,501,800"
12/28/2015,105.02,105.98,104.53,105.93,105.93,"13,069,700"
12/29/2015,106.42,107.74,106.25,107.26,107.26,"17,179,900"
12/30/2015,107,107.25,106.06,106.22,106.22,"13,115,000"
12/31/2015,106,106.17,104.62,104.66,104.66,"18,391,100"
1/4/2016,101.95,102.24,99.75,102.22,102.22,"37,912,400"
1/5/2016,102.89,103.71,101.67,102.73,102.73,"23,258,200"
1/6/2016,101.13,103.77,100.9,102.97,102.97,"25,096,200"
1/7/2016,100.5,101.43,97.3,97.92,97.92,"45,172,900"
1/8/2016,99.88,100.5,97.03,97.33,97.33,"35,402,300"
1/11/2016,97.91,98.6,95.39,97.51,97.51,"29,932,400"
1/12/2016,99,99.96,97.55,99.37,99.37,"28,395,400"
1/13/2016,100.58,100.58,95.21,95.44,95.44,"33,410,600"
1/14/2016,95.85,98.87,92.45,98.37,98.37,"48,658,600"
1/15/2016,93.98,96.38,93.54,94.97,94.97,"46,132,800"
1/19/2016,96.53,97.42,93.92,95.26,95.26,"30,998,300"
1/20/2016,92.83,95,89.37,94.35,94.35,"59,051,400"
1/21/2016,94.91,95.99,92.62,94.16,94.16,"30,518,900"
1/22/2016,96.41,98.07,95.49,97.94,97.94,"30,495,400"
1/25/2016,98.72,99.48,96.93,97.01,97.01,"32,482,000"
1/26/2016,97.76,97.88,95.66,97.34,97.34,"26,877,100"
1/27/2016,97.79,97.85,94.23,94.45,94.45,"58,699,400"
1/28/2016,107.2,110.34,104.81,109.11,109.11,"107,475,300"
1/29/2016,108.99,112.84,108.84,112.21,112.21,"62,739,500"
2/1/2016,112.27,115.72,112.01,115.09,115.09,"46,132,700"
2/2/2016,114.8,117.59,113.2,114.61,114.61,"59,778,600"
2/3/2016,115.27,115.34,109.75,112.69,112.69,"56,919,300"
2/4/2016,111.8,111.94,109.25,110.49,110.49,"38,890,200"
2/5/2016,109.51,109.58,103.18,104.07,104.07,"76,894,700"
2/8/2016,100.41,102.68,97.46,99.75,99.75,"71,229,700"
2/9/2016,97.14,102.4,96.82,99.54,99.54,"62,709,000"
2/10/2016,101.55,103.25,100.24,101,101,"45,179,400"
2/11/2016,99.6,105.11,98.88,101.91,101.91,"43,670,600"
2/12/2016,103.74,104.24,101.09,102.01,102.01,"36,176,800"
2/16/2016,103.8,103.93,100.24,101.61,101.61,"45,687,200"
2/17/2016,102.02,105.72,100.4,105.2,105.2,"44,073,400"
2/18/2016,105.8,106,103.03,103.47,103.47,"29,593,500"
2/19/2016,102.55,105.02,102.06,104.57,104.57,"32,404,500"
2/22/2016,105.49,108.25,105.34,107.16,107.16,"35,709,700"
2/23/2016,106.85,107.47,105.12,105.46,105.46,"25,319,300"
2/24/2016,104.21,106.95,102.74,106.88,106.88,"34,412,400"
2/25/2016,107.11,108.07,105.61,108.07,108.07,"29,906,300"
2/26/2016,108.7,109.45,107.16,107.92,107.92,"26,686,200"
2/29/2016,107.6,108.91,106.75,106.92,106.92,"32,779,000"
3/1/2016,107.83,109.82,107.6,109.82,109.82,"26,817,300"
3/2/2016,109.68,110.55,108.77,109.95,109.95,"25,670,200"
3/3/2016,110.25,110.3,108.54,109.58,109.58,"21,353,100"
3/4/2016,110.05,110.05,107.93,108.39,108.39,"24,938,900"
3/7/2016,108.07,108.07,104.72,105.73,105.73,"31,436,400"
3/8/2016,104.78,107.37,104.4,105.93,105.93,"25,617,000"
3/9/2016,106.7,107.51,105.49,107.51,107.51,"20,493,300"
3/10/2016,107.91,108.66,105.77,107.32,107.32,"24,854,300"
3/11/2016,108.48,109.42,107.92,109.41,109.41,"20,697,600"
3/14/2016,109.28,110.33,108.77,109.89,109.89,"17,249,400"
3/15/2016,109.11,110.83,108.84,110.67,110.67,"17,618,500"
3/16/2016,110.49,112.5,110.1,112.18,112.18,"24,744,800"
3/17/2016,112.15,112.69,110.73,111.02,111.02,"24,241,200"
3/18/2016,111.56,112.42,110.27,111.45,111.45,"36,256,900"
3/21/2016,111.66,112.37,111.03,111.85,111.85,"18,448,000"
3/22/2016,111.36,112.88,111.17,112.25,112.25,"19,001,100"
3/23/2016,112.01,113.19,112,112.54,112.54,"18,562,000"
3/24/2016,112.13,113.09,111.68,113.05,113.05,"17,839,100"
3/28/2016,113.32,114.59,112.95,113.69,113.69,"21,351,800"
3/29/2016,113.83,116.32,113.64,116.14,116.14,"29,825,300"
3/30/2016,116.73,116.99,114.36,114.7,114.7,"33,235,200"
3/31/2016,114.7,115.01,113.77,114.1,114.1,"21,207,500"
4/1/2016,113.75,116.17,113.35,116.06,116.06,"24,760,500"
4/4/2016,114.07,114.55,111.61,112.55,112.55,"48,487,900"
4/5/2016,112.11,113.32,111.9,112.22,112.22,"22,962,400"
4/6/2016,112.47,113.81,112.42,113.71,113.71,"20,814,600"
4/7/2016,113.79,114.89,113.07,113.64,113.64,"20,714,500"
4/8/2016,114.25,114.33,109.9,110.63,110.63,"48,497,800"
4/11/2016,110.7,110.91,108.77,108.99,108.99,"39,762,300"
4/12/2016,109.34,111.16,108.99,110.61,110.61,"26,248,100"
4/13/2016,112.23,112.65,106.52,110.51,110.51,"88,227,400"
4/14/2016,110.62,112.04,110.26,110.84,110.84,"28,473,300"
4/15/2016,110.79,110.97,109.2,109.64,109.64,"20,922,800"
4/18/2016,109.74,110.81,109.2,110.45,110.45,"21,167,200"
4/19/2016,111.1,112.45,109.16,112.29,112.29,"30,210,500"
4/20/2016,112.43,113.27,111.56,112.42,112.42,"21,027,900"
4/21/2016,112.55,114.04,112.31,113.44,113.44,"20,875,200"
4/22/2016,111.21,111.75,109.01,110.56,110.56,"38,458,200"
4/25/2016,109.87,110.67,109.07,110.1,110.1,"21,017,900"
4/26/2016,110.49,110.5,108.15,108.76,108.76,"22,521,500"
4/27/2016,107.94,108.94,106.31,108.89,108.89,"52,213,100"
4/28/2016,119.58,120.79,116.23,116.73,116.73,"87,110,100"
4/29/2016,116.82,117.84,115.84,117.58,117.58,"37,140,600"
5/2/2016,117.83,118.73,116.57,118.57,118.57,"28,095,200"
5/3/2016,117.52,118.16,117.02,117.43,117.43,"24,117,500"
5/4/2016,116.61,118.3,116.57,118.06,118.06,"23,448,400"
5/5/2016,118.04,118.98,117.25,117.81,117.81,"22,056,700"
5/6/2016,117.16,119.64,117.11,119.49,119.49,"26,395,600"
5/9/2016,119.54,120.28,118.9,119.24,119.24,"21,138,100"
5/10/2016,119.62,120.5,119,120.5,120.5,"23,220,000"
5/11/2016,120.41,121.08,119.42,119.52,119.52,"22,038,400"
5/12/2016,119.98,120.84,118.9,120.28,120.28,"22,035,500"
5/13/2016,120.38,120.64,119.68,119.81,119.81,"18,124,300"
5/16/2016,119.38,119.61,117.35,118.67,118.67,"31,247,800"
5/17/2016,118.82,119.01,117.2,117.35,117.35,"21,328,600"
5/18/2016,116.8,118.27,116.73,117.65,117.65,"21,642,300"
5/19/2016,117.05,117.49,115.88,116.81,116.81,"20,544,100"
5/20/2016,116.96,117.99,116.95,117.35,117.35,"18,944,800"
5/23/2016,117.42,117.6,115.94,115.97,115.97,"20,441,000"
5/24/2016,116.24,117.73,116.12,117.7,117.7,"20,183,600"
5/25/2016,118.13,118.67,117.38,117.89,117.89,"20,019,800"
5/26/2016,118.24,119.76,117.92,119.47,119.47,"18,481,300"
5/27/2016,119.56,119.85,119.01,119.38,119.38,"13,493,600"
5/31/2016,119.46,120.1,118.12,118.81,118.81,"23,547,600"
6/1/2016,118.5,119.08,117.82,118.78,118.78,"15,029,500"
6/2/2016,118.69,119.44,118.22,118.93,118.93,"13,228,300"
6/3/2016,118.98,118.98,117.86,118.47,118.47,"14,135,100"
6/6/2016,118.62,119.43,118.36,118.79,118.79,"12,744,700"
6/7/2016,119.24,119.3,117.67,117.76,117.76,"17,103,000"
6/8/2016,117.76,118.6,117.27,118.39,118.39,"14,505,600"
6/9/2016,118.13,118.68,117.71,118.56,118.56,"13,859,200"
6/10/2016,117.54,118.11,116.26,116.62,116.62,"18,510,800"
6/13/2016,115,115.48,113.31,113.95,113.95,"31,718,200"
6/14/2016,114.07,114.95,113.58,114.94,114.94,"17,618,500"
6/15/2016,115.3,115.44,114.07,114.6,114.6,"19,819,400"
6/16/2016,113.87,114.5,112.94,114.39,114.39,"19,236,300"
6/17/2016,114.42,114.43,112.56,113.02,113.02,"24,644,300"
6/20/2016,113.77,114.72,112.75,113.37,113.37,"20,785,400"
6/21/2016,114.12,115.21,113.97,114.38,114.38,"19,166,300"
6/22/2016,114.65,114.74,113.61,113.91,113.91,"14,846,300"
6/23/2016,114.37,115.09,113.54,115.08,115.08,"16,176,900"
6/24/2016,111.01,113.68,111,112.08,112.08,"40,643,100"
6/27/2016,111.57,111.57,108.23,108.97,108.97,"36,130,400"
6/28/2016,110.63,112.75,110.55,112.7,112.7,"26,813,800"
6/29/2016,113.37,114.25,113.04,114.16,114.16,"20,968,300"
6/30/2016,114.67,115.18,113.67,114.28,114.28,"23,192,700"
7/1/2016,114.2,115.13,113.81,114.19,114.19,"14,980,000"
7/5/2016,113.94,114.2,112.97,114.2,114.2,"14,207,000"
7/6/2016,113.36,116.79,112.97,116.7,116.7,"24,337,600"
7/7/2016,116.63,116.97,115.36,115.85,115.85,"16,630,200"
7/8/2016,116.43,117.5,115.85,117.24,117.24,"18,142,600"
7/11/2016,117.71,118.7,117.5,117.87,117.87,"17,711,600"
7/12/2016,118.63,118.72,117.57,117.93,117.93,"15,217,700"
7/13/2016,118.39,118.4,116.68,116.78,116.78,"16,207,700"
7/14/2016,117.5,117.64,116.7,117.29,117.29,"14,579,700"
7/15/2016,117.74,118.28,116.58,116.86,116.86,"16,646,000"
7/18/2016,117.32,119.61,116.89,119.37,119.37,"20,868,400"
7/19/2016,118.99,120.85,118.66,120.61,120.61,"21,541,300"
7/20/2016,121.25,122.2,120.56,121.92,121.92,"20,046,500"
7/21/2016,121.92,122.1,120.25,120.61,120.61,"17,801,700"
7/22/2016,119.9,121.01,119.31,121,121,"18,422,400"
7/25/2016,121.39,121.85,117.78,121.63,121.63,"18,487,400"
7/26/2016,122,122.07,120.75,121.22,121.22,"17,612,000"
7/27/2016,122.42,125,121.51,123.34,123.34,"52,654,200"
7/28/2016,127.52,128.33,123.63,125,125,"78,955,800"
7/29/2016,124.65,125.84,123.71,123.94,123.94,"35,058,800"
8/1/2016,123.85,124.58,122.86,124.31,124.31,"25,006,900"
8/2/2016,124.06,124.8,122.07,123.09,123.09,"23,968,400"
8/3/2016,123.09,123.92,122.31,122.51,122.51,"18,525,300"
8/4/2016,122.94,124.79,122.51,124.36,124.36,"21,066,000"
8/5/2016,124.98,125.84,124.62,125.15,125.15,"20,184,000"
8/8/2016,125.25,125.45,124.55,125.26,125.26,"15,233,900"
8/9/2016,125.34,126.09,124.53,125.06,125.06,"19,621,000"
8/10/2016,125.07,125.48,124.54,124.88,124.88,"10,670,100"
8/11/2016,125.2,125.38,124.75,124.9,124.9,"11,729,500"
8/12/2016,124.7,125,124.18,124.88,124.88,"12,159,000"
8/15/2016,124.91,124.92,123.7,123.9,123.9,"19,295,100"
8/16/2016,123.5,123.92,122.78,123.3,123.3,"14,222,400"
8/17/2016,123.66,124.38,122.85,124.37,124.37,"13,794,200"
8/18/2016,124.01,124.26,123.64,123.91,123.91,"12,400,800"
8/19/2016,123.6,124.16,123.28,123.56,123.56,"11,688,300"
8/22/2016,123.33,124.83,123.11,124.15,124.15,"14,386,400"
8/23/2016,124.51,125.09,124.25,124.37,124.37,"13,309,500"
8/24/2016,124.47,124.69,123.09,123.48,123.48,"12,243,700"
8/25/2016,123.12,124.37,123.1,123.89,123.89,"10,730,800"
8/26/2016,124.05,125.19,123.91,124.96,124.96,"17,504,800"
8/29/2016,124.35,126.73,124.35,126.54,126.54,"15,925,900"
8/30/2016,126.6,126.6,125.15,125.84,125.84,"17,804,300"
8/31/2016,125.6,126.22,125.1,126.12,126.12,"14,200,600"
9/1/2016,126.38,126.63,125.6,126.17,126.17,"13,536,100"
9/2/2016,126.85,126.86,126,126.51,126.51,"12,118,800"
9/6/2016,126.67,129.94,126.47,129.73,129.73,"26,278,400"
9/7/2016,130.04,131.98,129.95,131.05,131.05,"27,990,800"
9/8/2016,130.92,131.08,129.81,130.27,130.27,"15,676,600"
9/9/2016,129.71,129.95,127.1,127.1,127.1,"27,100,700"
9/12/2016,125.96,128.76,125.75,128.69,128.69,"21,252,800"
9/13/2016,128.03,128.35,126.66,127.21,127.21,"18,016,200"
9/14/2016,126.89,128.8,126.89,127.77,127.77,"15,691,100"
9/15/2016,127.98,129.1,127.67,128.35,128.35,"15,077,200"
9/16/2016,128.2,129.18,128.2,129.07,129.07,"24,119,200"
9/19/2016,129.91,129.94,128.26,128.65,128.65,"14,958,800"
9/20/2016,128.65,129.17,128.03,128.64,128.64,"11,083,800"
9/21/2016,129.13,130.01,128.39,129.94,129.94,"14,068,300"
9/22/2016,130.5,130.73,129.56,130.08,130.08,"15,538,300"
9/23/2016,127.56,128.6,127.3,127.96,127.96,"28,326,300"
9/26/2016,127.37,128.16,126.8,127.31,127.31,"15,064,900"
9/27/2016,127.61,129.01,127.43,128.69,128.69,"15,637,100"
9/28/2016,129.21,129.47,128.4,129.23,129.23,"12,047,600"
9/29/2016,129.18,129.29,127.55,128.09,128.09,"14,532,200"
9/30/2016,128.03,128.59,127.45,128.27,128.27,"18,402,900"
10/3/2016,128.38,129.09,127.8,128.77,128.77,"13,156,900"
10/4/2016,129.17,129.28,127.55,128.19,128.19,"14,307,500"
10/5/2016,128.25,128.8,127.83,128.47,128.47,"12,386,800"
10/6/2016,128.43,129.06,128.08,128.74,128.74,"11,682,700"
10/7/2016,129.04,129.25,128.33,128.99,128.99,"12,804,400"
10/10/2016,129.68,130.7,129.2,130.24,130.24,"15,138,700"
10/11/2016,130.23,130.64,128.23,128.88,128.88,"17,537,900"
10/12/2016,129.01,129.66,128.46,129.05,129.05,"11,073,000"
10/13/2016,128.21,128.25,126.75,127.82,127.82,"17,139,300"
10/14/2016,128.49,128.95,127.58,127.88,127.88,"13,345,300"
10/17/2016,128.2,128.47,127.32,127.54,127.54,"11,351,700"
10/18/2016,128.68,129.39,128.01,128.57,128.57,"13,504,000"
10/19/2016,128.74,130.47,128.6,130.11,130.11,"16,752,300"
10/20/2016,130.07,130.66,129.5,130,130,"13,167,500"
10/21/2016,129.78,132.13,129.7,132.07,132.07,"19,088,800"
10/24/2016,132.72,133.41,132.15,133.28,133.28,"17,470,200"
10/25/2016,133.5,133.5,132.22,132.29,132.29,"13,336,800"
10/26/2016,131.64,132.26,130.94,131.04,131.04,"13,084,700"
10/27/2016,131.74,131.8,129.27,129.69,129.69,"16,741,400"
10/28/2016,130.5,132.97,129.93,131.29,131.29,"24,545,500"
10/31/2016,132.01,132.12,130.88,130.99,130.99,"15,669,000"
11/1/2016,131.41,131.94,128.65,129.5,129.5,"22,077,800"
11/2/2016,130.23,130.23,126.28,127.17,127.17,"39,640,900"
11/3/2016,122,123.28,119.5,120,120,"63,766,300"
11/4/2016,119.59,121.93,119.25,120.75,120.75,"30,545,500"
11/7/2016,122.83,123.21,121.35,122.15,122.15,"23,008,900"
11/8/2016,122.03,124.61,121.54,124.22,124.22,"19,460,800"
11/9/2016,121.5,123.81,120.51,123.18,123.18,"31,916,000"
11/10/2016,123.93,124.18,115.27,120.8,120.8,"67,846,700"
11/11/2016,119.53,120.7,118.15,119.02,119.02,"32,840,100"
11/14/2016,119.13,119.13,113.55,115.08,115.08,"51,377,000"
11/15/2016,116.73,118.49,115.83,117.2,117.2,"34,681,400"
11/16/2016,114.48,117.88,114.21,116.34,116.34,"32,397,900"
11/17/2016,116.81,117.79,116.01,117.79,117.79,"18,597,800"
11/18/2016,118.39,119.13,116.84,117.02,117.02,"22,879,300"
11/21/2016,118.2,121.95,117.8,121.77,121.77,"35,415,400"
11/22/2016,122.4,122.98,120.9,121.47,121.47,"26,089,200"
11/23/2016,121.23,121.31,119.94,120.84,120.84,"15,672,100"
11/25/2016,121.01,121.14,120.07,120.38,120.38,"8,658,600"
11/28/2016,120.12,121.69,119.82,120.41,120.41,"18,101,300"
11/29/2016,120.57,122.1,120.4,120.87,120.87,"18,891,000"
11/30/2016,120.32,121.79,117.95,118.42,118.42,"30,188,900"
12/1/2016,118.38,118.45,114,115.1,115.1,"43,277,000"
12/2/2016,115.11,116.48,114.3,115.4,115.4,"25,070,400"
12/5/2016,115.95,117.57,115.07,117.43,117.43,"20,201,500"
12/6/2016,117.69,117.8,116.33,117.31,117.31,"19,131,200"
12/7/2016,117,117.95,116.57,117.95,117.95,"21,913,700"
12/8/2016,117.98,119.5,117.64,118.91,118.91,"22,442,800"
12/9/2016,119.22,119.94,118.95,119.68,119.68,"17,464,700"
12/12/2016,119.22,119.24,117.65,117.77,117.77,"17,805,500"
12/13/2016,117.86,121.52,117.61,120.31,120.31,"29,768,000"
12/14/2016,120,121.69,118.85,120.21,120.21,"25,913,100"
12/15/2016,120.08,122.5,119.63,120.57,120.57,"20,139,600"
12/16/2016,120.9,121.5,119.27,119.87,119.87,"25,324,300"
12/19/2016,119.85,120.36,118.51,119.24,119.24,"15,918,100"
12/20/2016,119.5,119.77,118.8,119.09,119.09,"13,684,400"
12/21/2016,118.92,119.2,118.48,119.04,119.04,"10,767,600"
12/22/2016,118.86,118.99,116.93,117.4,117.4,"16,258,600"
12/23/2016,117,117.56,116.3,117.27,117.27,"10,890,000"
12/27/2016,116.96,118.68,116.86,118.01,118.01,"12,051,500"
12/28/2016,118.19,118.25,116.65,116.92,116.92,"12,087,400"
12/29/2016,117,117.53,116.06,116.35,116.35,"9,934,900"
12/30/2016,116.6,116.83,114.77,115.05,115.05,"18,684,100"
1/3/2017,116.03,117.84,115.51,116.86,116.86,"20,663,900"
1/4/2017,117.55,119.66,117.29,118.69,118.69,"19,630,900"
1/5/2017,118.86,120.95,118.32,120.67,120.67,"19,492,200"
1/6/2017,120.98,123.88,120.03,123.41,123.41,"28,545,300"
1/9/2017,123.55,125.43,123.04,124.9,124.9,"22,880,400"
1/10/2017,124.82,125.5,124.28,124.35,124.35,"17,324,600"
1/11/2017,124.35,126.12,124.06,126.09,126.09,"18,356,500"
1/12/2017,125.61,126.73,124.8,126.62,126.62,"18,653,900"
1/13/2017,127.49,129.27,127.37,128.34,128.34,"24,884,300"
1/17/2017,128.04,128.34,127.4,127.87,127.87,"15,294,500"
1/18/2017,128.41,128.43,126.84,127.92,127.92,"13,145,900"
1/19/2017,128.23,128.35,127.45,127.55,127.55,"12,195,500"
1/20/2017,128.1,128.48,126.78,127.04,127.04,"19,097,200"
1/23/2017,127.31,129.25,126.95,128.93,128.93,"16,593,600"
1/24/2017,129.38,129.9,128.38,129.37,129.37,"15,162,700"
1/25/2017,130,131.74,129.77,131.48,131.48,"18,731,300"
1/26/2017,131.63,133.14,131.44,132.78,132.78,"20,020,100"
1/27/2017,132.68,132.95,131.08,132.18,132.18,"19,539,500"
1/30/2017,131.58,131.58,129.6,130.98,130.98,"18,956,100"
1/31/2017,130.17,130.66,129.52,130.32,130.32,"19,790,500"
2/1/2017,132.25,133.49,130.68,133.23,133.23,"50,139,800"
2/2/2017,133.22,135.49,130.4,130.84,130.84,"54,366,400"
2/3/2017,131.24,132.85,130.76,130.98,130.98,"24,804,900"
2/6/2017,130.98,132.06,130.3,132.06,132.06,"17,058,500"
2/7/2017,132.24,133,131.66,131.84,131.84,"14,596,400"
2/8/2017,132.6,134.44,132.44,134.2,134.2,"22,390,600"
2/9/2017,134.49,134.5,133.31,134.14,134.14,"16,470,600"
2/10/2017,134.1,134.94,133.68,134.19,134.19,"15,061,900"
2/13/2017,134.7,134.7,133.7,134.05,134.05,"13,526,200"
2/14/2017,134.1,134.23,132.55,133.85,133.85,"14,364,900"
2/15/2017,133.45,133.7,132.66,133.44,133.44,"13,226,500"
2/16/2017,133.07,133.87,133.02,133.84,133.84,"12,831,100"
2/17/2017,133.5,134.09,133.17,133.53,133.53,"12,276,500"
2/21/2017,133.5,133.91,132.9,133.72,133.72,"14,759,100"
2/22/2017,133.6,136.79,133.46,136.12,136.12,"27,360,100"
2/23/2017,135.89,136.12,134.33,135.36,135.36,"18,422,500"
2/24/2017,134.16,135.62,134.16,135.44,135.44,"12,625,700"
2/27/2017,135.26,137.18,135.02,136.41,136.41,"14,306,700"
2/28/2017,136.79,136.81,134.75,135.54,135.54,"16,112,100"
3/1/2017,136.47,137.48,136.3,137.42,137.42,"16,257,000"
3/2/2017,137.09,137.82,136.31,136.76,136.76,"12,294,800"
3/3/2017,136.63,137.33,136.08,137.17,137.17,"11,160,600"
3/6/2017,136.88,137.83,136.51,137.42,137.42,"12,748,200"
3/7/2017,137.03,138.37,136.99,137.3,137.3,"13,527,100"
3/8/2017,137.15,137.99,137.05,137.72,137.72,"10,184,500"
3/9/2017,137.72,138.57,137.4,138.24,138.24,"15,535,300"
3/10/2017,138.91,139.49,138.22,138.79,138.79,"16,314,100"
3/13/2017,138.71,139.68,138.67,139.6,139.6,"10,955,500"
3/14/2017,139.46,139.46,138.52,139.32,139.32,"12,944,000"
3/15/2017,139.29,140.1,138.49,139.72,139.72,"19,344,800"
3/16/2017,140.2,140.25,139.73,139.99,139.99,"13,612,900"
3/17/2017,140.34,140.34,139.7,139.84,139.84,"20,592,800"
3/20/2017,139.71,140.19,139.25,139.94,139.94,"12,099,500"
3/21/2017,141.15,142.31,138.4,138.51,138.51,"29,894,800"
3/22/2017,137.93,139.79,137.6,139.59,139.59,"17,055,400"
3/23/2017,139.48,140.39,139.09,139.53,139.53,"13,022,800"
3/24/2017,140.08,141.02,139.76,140.34,140.34,"16,664,700"
3/27/2017,139.05,140.65,138.77,140.32,140.32,"12,800,500"
3/28/2017,140.36,141.95,140.01,141.76,141.76,"14,679,400"
3/29/2017,141.99,142.86,141.43,142.65,142.65,"16,527,600"
3/30/2017,142.4,142.95,141.85,142.41,142.41,"12,404,000"
3/31/2017,142.31,142.63,141.89,142.05,142.05,"11,478,300"
4/3/2017,141.93,142.47,140.82,142.28,142.28,"13,564,000"
4/4/2017,141.86,142.09,141.27,141.73,141.73,"12,948,600"
4/5/2017,142.26,143.44,141.29,141.85,141.85,"17,158,100"
4/6/2017,142.11,142.22,140.91,141.17,141.17,"15,103,400"
4/7/2017,141.2,141.55,140.24,140.78,140.78,"11,818,300"
4/10/2017,141,141.43,140.63,141.04,141.04,"9,039,400"
4/11/2017,140.8,141.03,138.81,139.92,139.92,"16,638,100"
4/12/2017,139.72,140.4,139.44,139.58,139.58,"11,612,500"
4/13/2017,139.62,140.58,139.33,139.39,139.39,"10,965,600"
4/17/2017,139.76,141.55,139.75,141.42,141.42,"11,519,700"
4/18/2017,141.27,141.91,140.61,140.96,140.96,"14,807,500"
4/19/2017,141.35,143.04,141.27,142.27,142.27,"15,563,900"
4/20/2017,142.95,144.25,142.69,143.8,143.8,"15,968,200"
4/21/2017,143.9,144.17,142.27,143.68,143.68,"12,382,000"
4/24/2017,144.96,145.67,144.34,145.47,145.47,"14,407,200"
4/25/2017,145.79,147.15,145.79,146.49,146.49,"17,767,500"
4/26/2017,147.09,147.59,146.09,146.56,146.56,"12,395,000"
4/27/2017,146.67,147.75,146.14,147.7,147.7,"11,275,100"
4/28/2017,149.5,151.53,149.07,150.25,150.25,"30,652,200"
5/1/2017,151.74,152.57,151.42,152.46,152.46,"25,218,300"
5/2/2017,153.34,153.44,151.66,152.78,152.78,"21,870,400"
5/3/2017,153.6,153.6,151.34,151.8,151.8,"29,782,500"
5/4/2017,150.17,151.52,148.72,150.85,150.85,"36,225,500"
5/5/2017,151.45,151.63,149.79,150.24,150.24,"17,148,500"
5/8/2017,150.71,151.08,149.74,151.06,151.06,"15,827,500"
5/9/2017,151.49,152.59,150.21,150.48,150.48,"17,453,900"
5/10/2017,150.23,150.52,148.86,150.29,150.29,"12,080,700"
5/11/2017,150.31,150.65,149.41,150.04,150.04,"11,841,900"
5/12/2017,150.4,150.46,149.63,150.33,150.33,"9,598,200"
5/15/2017,150.17,151.48,149.77,150.19,150.19,"15,064,700"
5/16/2017,150.11,150.21,149.03,149.78,149.78,"14,550,800"
5/17/2017,148,148.67,144.42,144.85,144.85,"28,300,100"
5/18/2017,144.72,148.15,144.51,147.66,147.66,"23,031,600"
5/19/2017,148.45,149.39,147.96,148.06,148.06,"16,187,900"
5/22/2017,148.08,148.59,147.69,148.24,148.24,"12,586,700"
5/23/2017,148.52,148.81,147.25,148.07,148.07,"12,817,800"
5/24/2017,148.51,150.23,148.42,150.04,150.04,"17,862,400"
5/25/2017,150.3,152.59,149.95,151.96,151.96,"19,891,400"
5/26/2017,152.23,152.25,151.15,152.13,152.13,"14,996,200"
5/30/2017,151.97,152.9,151.64,152.38,152.38,"13,226,000"
5/31/2017,152.7,153.35,151.09,151.46,151.46,"18,023,900"
6/1/2017,151.75,152.29,150.3,151.53,151.53,"14,530,600"
6/2/2017,151.85,153.63,151.3,153.61,153.61,"16,854,400"
6/5/2017,153.64,154.71,153.41,153.63,153.63,"12,520,400"
6/6/2017,153.41,154.52,152.48,152.81,152.81,"13,457,100"
6/7/2017,153.27,153.75,152.34,153.12,153.12,"12,066,700"
6/8/2017,154.08,154.73,153.1,154.71,154.71,"17,799,400"
6/9/2017,154.77,155.59,146.61,149.6,149.6,"35,577,700"
6/12/2017,148.17,149.2,144.56,148.44,148.44,"33,170,200"
6/13/2017,150.15,151.18,148.9,150.68,150.68,"20,483,400"
6/14/2017,151.26,152.4,149.05,150.25,150.25,"20,808,800"
6/15/2017,147.67,150.04,146.37,149.8,149.8,"18,994,200"
6/16/2017,149.59,150.83,148.6,150.64,150.64,"22,882,400"
6/19/2017,151.71,153.57,151.71,152.87,152.87,"19,026,500"
6/20/2017,152.88,153.84,152.21,152.25,152.25,"14,743,900"
6/21/2017,152.36,154.08,151.88,153.91,153.91,"15,039,800"
6/22/2017,153.01,154.55,152.91,153.4,153.4,"13,005,500"
6/23/2017,152.72,155.2,152.65,155.07,155.07,"18,027,000"
6/26/2017,156.25,156.5,153.2,153.59,153.59,"18,049,700"
6/27/2017,152.84,153.31,150.39,150.58,150.58,"19,360,800"
6/28/2017,150.92,153.47,149.86,153.24,153.24,"16,719,100"
6/29/2017,152.28,152.5,148.92,151.04,151.04,"23,973,500"
6/30/2017,151.9,151.92,150.06,150.98,150.98,"17,666,000"
7/3/2017,151.72,152.15,147.8,148.43,148.43,"13,862,700"
7/5/2017,149,150.85,148.13,150.34,150.34,"14,334,300"
7/6/2017,149.03,150.04,148,148.82,148.82,"14,951,800"
7/7/2017,149.25,151.99,149.19,151.44,151.44,"13,615,900"
7/10/2017,151.69,153.98,151.51,153.5,153.5,"13,378,700"
7/11/2017,153.37,155.42,152.91,155.27,155.27,"13,667,700"
7/12/2017,156.49,159.16,156.2,158.9,158.9,"22,739,400"
7/13/2017,158.74,159.78,158.42,159.26,159.26,"13,929,200"
7/14/2017,160.13,160.32,159.33,159.97,159.97,"16,371,200"
7/17/2017,160.25,160.78,158.81,159.73,159.73,"12,858,800"
7/18/2017,159.66,163.73,159.42,162.86,162.86,"23,722,900"
7/19/2017,163.59,165.7,163.17,164.14,164.14,"26,273,600"
7/20/2017,164.8,165,162.81,164.53,164.53,"18,523,100"
7/21/2017,164.16,165.05,163.75,164.43,164.43,"14,744,000"
7/24/2017,164.64,166.17,164.31,166,166,"17,367,000"
7/25/2017,165.01,165.54,163.86,165.28,165.28,"15,383,200"
7/26/2017,166.01,166.01,164.1,165.61,165.61,"35,236,900"
7/27/2017,174.7,175.49,167.5,170.44,170.44,"68,910,700"
7/28/2017,169.07,173.43,169.05,172.45,172.45,"24,557,600"
7/31/2017,172,172.72,168.55,169.25,169.25,"25,478,900"
8/1/2017,169.82,170.47,169.05,169.86,169.86,"14,385,000"
8/2/2017,170.3,170.55,166.91,169.3,169.3,"17,433,800"
8/3/2017,169.3,169.7,168.25,168.59,168.59,"10,793,800"
8/4/2017,168.97,170.06,168.69,169.62,169.62,"10,777,700"
8/7/2017,169.95,172.06,169.66,171.98,171.98,"12,787,800"
8/8/2017,171.88,173.05,170.62,171.23,171.23,"14,393,500"
8/9/2017,169.98,171.45,169.56,171.18,171.18,"10,815,000"
8/10/2017,170.06,170.59,166.85,167.4,167.4,"20,832,700"
8/11/2017,167.95,168.82,166.85,168.08,168.08,"13,791,200"
8/14/2017,170.09,171.08,169.29,170.75,170.75,"12,954,200"
8/15/2017,171.49,171.5,170.01,171,171,"8,729,200"
8/16/2017,171.25,171.38,169.24,170,170,"15,779,900"
8/17/2017,169.34,169.86,166.85,166.91,166.91,"17,216,000"
8/18/2017,166.84,168.67,166.21,167.41,167.41,"15,093,600"
8/21/2017,167.16,168,165.82,167.78,167.78,"11,907,500"
8/22/2017,168.28,169.87,167.15,169.64,169.64,"11,391,000"
8/23/2017,168.84,169.36,168.2,168.71,168.71,"9,856,500"
8/24/2017,168.88,169.29,166.41,167.74,167.74,"14,030,400"
8/25/2017,167.86,168.38,166.18,166.32,166.32,"12,614,500"
8/28/2017,166.91,167.7,166.33,167.24,167.24,"8,553,700"
8/29/2017,165.25,168.43,165,168.05,168.05,"11,121,000"
8/30/2017,168.17,170.18,167.63,169.92,169.92,"11,138,300"
8/31/2017,170.4,172.15,170.06,171.97,171.97,"17,226,500"
9/1/2017,172.4,172.92,171.31,172.02,172.02,"11,677,600"
9/5/2017,171.27,172.39,169.55,170.72,170.72,"13,210,900"
9/6/2017,170.91,172.48,169.57,172.09,172.09,"13,906,300"
9/7/2017,171.94,173.31,170.27,173.21,173.21,"18,049,500"
9/8/2017,173.09,173.49,170.8,170.95,170.95,"10,998,500"
9/11/2017,172.4,173.89,172.2,173.51,173.51,"12,372,000"
9/12/2017,173.76,174,171.75,172.96,172.96,"11,186,300"
9/13/2017,173.01,173.17,172.06,173.05,173.05,"9,119,300"
9/14/2017,172.26,172.28,170.5,170.96,170.96,"15,615,700"
9/15/2017,170.88,172.34,170.26,171.64,171.64,"15,660,500"
9/18/2017,171.99,172.07,169.34,170.01,170.01,"12,954,000"
9/19/2017,170.62,172.56,170.36,172.52,172.52,"13,168,600"
9/20/2017,172.5,173.05,170.7,172.17,172.17,"12,264,100"
9/21/2017,171.69,172.27,170.01,171.11,171.11,"11,161,400"
9/22/2017,170.21,171.73,169.22,170.54,170.54,"12,097,100"
9/25/2017,169.24,169.3,161.56,162.87,162.87,"41,251,600"
9/26/2017,164.5,165.5,162.78,164.21,164.21,"23,363,300"
9/27/2017,165.9,168.34,165.57,167.68,167.68,"19,242,500"
9/28/2017,167.94,169.07,167.16,168.73,168.73,"12,178,700"
9/29/2017,168.83,171.66,168.81,170.87,170.87,"15,340,400"
10/2/2017,171.39,171.87,168.75,169.47,169.47,"13,392,300"
10/3/2017,169.3,170.73,169.2,169.96,169.96,"8,190,300"
10/4/2017,169.83,170.67,168.29,168.42,168.42,"12,127,900"
10/5/2017,169.18,171.31,168.6,171.24,171.24,"14,580,600"
10/6/2017,170.25,172.37,169.75,172.23,172.23,"13,124,500"
10/9/2017,172.7,174.88,172,172.5,172.5,"14,570,400"
10/10/2017,173,173.2,170.8,171.59,171.59,"11,341,100"
10/11/2017,171.95,172.78,171.4,172.74,172.74,"11,283,700"
10/12/2017,172.61,173.85,172.29,172.55,172.55,"10,351,000"
10/13/2017,173.45,174.65,173.2,173.74,173.74,"13,658,300"
10/16/2017,174.49,175,174.06,174.52,174.52,"11,498,800"
10/17/2017,174.71,176.13,174.36,176.11,176.11,"15,990,100"
10/18/2017,176.65,176.74,175.75,176.03,176.03,"12,752,400"
10/19/2017,174.93,176.03,172.63,174.56,174.56,"14,048,400"
10/20/2017,175.5,175.88,174.63,174.98,174.98,"12,602,200"
10/23/2017,175.2,175.34,171.25,171.27,171.27,"13,852,700"
10/24/2017,172.3,173.24,171.5,171.8,171.8,"12,267,900"
10/25/2017,171.9,172.25,168.89,170.6,170.6,"15,868,200"
10/26/2017,171.38,172.29,170.39,170.63,170.63,"11,833,100"
10/27/2017,174.15,178.21,173.9,177.88,177.88,"30,285,300"
10/30/2017,179.26,180.69,177.61,179.87,179.87,"24,353,200"
10/31/2017,180.57,180.8,178.94,180.06,180.06,"20,174,200"
11/1/2017,182.36,182.9,180.57,182.66,182.66,"40,918,300"
11/2/2017,180.63,181.94,177.34,178.92,178.92,"35,529,900"
11/3/2017,179.29,179.86,176.71,178.92,178.92,"17,822,100"
11/6/2017,178.56,180.45,178.31,180.17,180.17,"13,312,700"
11/7/2017,180.5,180.75,178.96,180.25,180.25,"12,928,200"
11/8/2017,179.79,180.35,179.11,179.56,179.56,"10,494,100"
11/9/2017,178.31,179.4,177.09,179.3,179.3,"12,610,300"
11/10/2017,178.35,179.1,177.96,178.46,178.46,"11,070,200"
11/13/2017,177.5,179.04,177.3,178.77,178.77,"9,523,400"
11/14/2017,178.13,178.97,177.18,178.07,178.07,"9,585,900"
11/15/2017,176.66,178.57,176.4,177.95,177.95,"10,253,700"
11/16/2017,178.76,179.83,178.5,179.59,179.59,"15,607,600"
11/17/2017,179.3,179.98,178.9,179,179,"13,018,000"
11/20/2017,178.87,179.5,178.1,178.74,178.74,"10,052,400"
11/21/2017,179.15,181.89,178.99,181.86,181.86,"14,504,000"
11/22/2017,181.3,181.73,180.44,180.87,180.87,"10,376,300"
11/24/2017,180.4,183.15,180.29,182.78,182.78,"9,426,300"
11/27/2017,182.56,183.73,181.99,183.03,183.03,"12,344,500"
11/28/2017,183.51,184.25,182.09,182.42,182.42,"14,379,700"
11/29/2017,181.89,181.97,174,175.13,175.13,"41,933,500"
11/30/2017,176.85,178.28,175.2,177.18,177.18,"25,307,600"
12/1/2017,176.03,177.48,172.34,175.1,175.1,"20,182,500"
12/4/2017,176.29,176.57,170.79,171.47,171.47,"24,459,400"
12/5/2017,170.45,175.38,169.01,172.83,172.83,"20,184,900"
12/6/2017,172.5,176.77,171.9,176.06,176.06,"20,255,800"
12/7/2017,175.8,180.39,175.8,180.14,180.14,"20,404,500"
12/8/2017,181.53,182.28,178.74,179,179,"19,883,800"
12/11/2017,179.3,180.22,178.8,179.04,179.04,"13,168,600"
12/12/2017,178.6,179.18,176.6,176.96,176.96,"16,854,100"
12/13/2017,177.3,179.16,177.25,178.3,178.3,"14,615,700"
12/14/2017,178.29,180.36,177.68,178.39,178.39,"13,591,000"
12/15/2017,179.02,180.49,178.36,180.18,180.18,"28,463,100"
12/18/2017,181.01,181.3,179.75,180.82,180.82,"17,265,400"
12/19/2017,179.95,180.08,178.22,179.51,179.51,"14,920,600"
12/20/2017,179.81,179.81,177.36,177.89,177.89,"11,860,500"
12/21/2017,177.94,178.68,177.05,177.45,177.45,"11,600,700"
12/22/2017,177.14,177.53,176.23,177.2,177.2,"8,509,500"
12/26/2017,176.63,177,174.67,175.99,175.99,"8,897,300"
12/27/2017,176.55,178.44,176.26,177.62,177.62,"9,496,100"
12/28/2017,177.95,178.94,177.68,177.92,177.92,"12,220,800"
12/29/2017,178,178.85,176.46,176.46,176.46,"10,261,500"
1/2/2018,177.68,181.58,177.55,181.42,181.42,"18,151,900"
1/3/2018,181.88,184.78,181.33,184.67,184.67,"16,886,600"
1/4/2018,184.9,186.21,184.1,184.33,184.33,"13,880,900"
1/5/2018,185.59,186.9,184.93,186.85,186.85,"13,574,500"
1/8/2018,187.2,188.9,186.33,188.28,188.28,"17,994,700"
1/9/2018,188.7,188.8,187.1,187.87,187.87,"12,393,100"
1/10/2018,186.94,187.89,185.63,187.84,187.84,"10,529,900"
1/11/2018,188.4,188.4,187.38,187.77,187.77,"9,588,600"
1/12/2018,178.06,181.48,177.4,179.37,179.37,"77,551,300"
1/16/2018,181.5,181.75,178.04,178.39,178.39,"36,183,800"
1/17/2018,179.26,179.32,175.8,177.6,177.6,"27,992,400"
1/18/2018,178.13,180.98,177.08,179.8,179.8,"23,304,900"
1/19/2018,180.85,182.37,180.17,181.29,181.29,"26,826,500"
1/22/2018,180.8,185.39,180.41,185.37,185.37,"21,059,500"
1/23/2018,186.05,189.55,185.55,189.35,189.35,"25,678,800"
1/24/2018,189.89,190.66,186.52,186.55,186.55,"24,334,500"
1/25/2018,187.95,188.62,186.6,187.48,187.48,"17,377,700"
1/26/2018,187.75,190,186.81,190,190,"17,759,200"
1/29/2018,188.75,188.84,185.63,185.98,185.98,"20,453,200"
1/30/2018,187.62,188.18,181.84,187.12,187.12,"20,858,600"
1/31/2018,188.37,189.83,185.22,186.89,186.89,"43,275,100"
2/1/2018,188.22,195.32,187.89,193.09,193.09,"54,211,300"
2/2/2018,192.04,194.21,189.98,190.28,190.28,"26,677,500"
2/5/2018,186.93,190.61,180.61,181.26,181.26,"33,128,200"
2/6/2018,178.57,185.77,177.74,185.31,185.31,"37,758,500"
2/7/2018,184.15,185.08,179.95,180.18,180.18,"27,601,900"
2/8/2018,181.01,181.84,171.48,171.58,171.58,"38,478,300"
2/9/2018,174.76,176.9,167.18,176.11,176.11,"39,887,600"
2/12/2018,177.06,177.55,171.84,176.41,176.41,"32,092,100"
2/13/2018,175.62,175.97,173.1,173.15,173.15,"21,809,400"
2/14/2018,173.45,179.81,173.21,179.52,179.52,"28,929,700"
2/15/2018,180.5,180.5,176.84,179.96,179.96,"20,922,100"
2/16/2018,178.99,179.88,176.3,177.36,177.36,"20,645,300"
2/20/2018,175.77,177.95,175.11,176.01,176.01,"21,204,900"
2/21/2018,176.71,181.27,176.4,177.91,177.91,"23,200,800"
2/22/2018,178.7,180.21,177.41,178.99,178.99,"18,464,200"
2/23/2018,179.9,183.39,179.51,183.29,183.29,"19,007,300"
2/26/2018,184.58,185.66,183.22,184.93,184.93,"17,599,700"
2/27/2018,184.45,184.7,181.46,181.46,181.46,"15,849,800"
2/28/2018,182.3,182.88,178.14,178.32,178.32,"18,783,000"
3/1/2018,179.01,180.12,174.41,175.94,175.94,"23,201,600"
3/2/2018,173.29,177.11,172.99,176.62,176.62,"20,025,900"
3/5/2018,176.2,181.15,175.89,180.4,180.4,"16,189,300"
3/6/2018,181.78,182.38,179.11,179.78,179.78,"15,086,800"
3/7/2018,178.74,183.82,178.07,183.71,183.71,"19,097,300"
3/8/2018,183.56,184.4,181.45,182.34,182.34,"17,225,900"
3/9/2018,183.91,185.51,183.21,185.23,185.23,"18,526,300"
3/12/2018,185.23,186.1,184.22,184.76,184.76,"15,301,200"
3/13/2018,185.61,185.99,181.11,181.88,181.88,"18,067,500"
3/14/2018,182.6,184.25,181.85,184.19,184.19,"16,821,700"
3/15/2018,183.24,184,182.19,183.86,183.86,"15,614,300"
3/16/2018,184.49,185.33,183.41,185.09,185.09,"24,403,400"
3/19/2018,177.01,177.17,170.06,172.56,172.56,"88,140,100"
3/20/2018,167.47,170.2,161.95,168.15,168.15,"129,851,800"
3/21/2018,164.8,173.4,163.3,169.39,169.39,"106,598,800"
3/22/2018,166.13,170.27,163.72,164.89,164.89,"73,743,000"
3/23/2018,165.44,166.6,159.02,159.39,159.39,"53,609,700"
3/26/2018,160.82,161.1,149.02,160.06,160.06,"126,116,600"
3/27/2018,156.31,162.85,150.75,152.22,152.22,"79,117,000"
3/28/2018,151.65,155.88,150.8,153.03,153.03,"60,029,200"
3/29/2018,155.15,161.42,154.14,159.79,159.79,"59,434,300"
4/2/2018,157.81,159.2,154.11,155.39,155.39,"36,796,000"
4/3/2018,156.55,157.39,150.81,156.11,156.11,"42,543,900"
4/4/2018,152.03,155.56,150.51,155.1,155.1,"49,885,600"
4/5/2018,161.56,161.57,156.65,159.34,159.34,"41,449,600"
4/6/2018,157.73,161.42,156.81,157.2,157.2,"41,644,800"
4/9/2018,157.82,160.53,156.04,157.93,157.93,"34,915,200"
4/10/2018,157.93,165.98,157.01,165.04,165.04,"57,889,300"
4/11/2018,165.36,168.65,163.25,166.32,166.32,"56,144,600"
4/12/2018,166.98,167.45,163.1,163.87,163.87,"38,263,000"
4/13/2018,164.58,165.7,163.77,164.52,164.52,"19,990,600"
4/16/2018,165.72,165.78,163.39,164.83,164.83,"18,119,400"
4/17/2018,165.83,169,165.66,168.66,168.66,"22,743,000"
4/18/2018,166.88,168.12,165.77,166.36,166.36,"20,969,600"
4/19/2018,166.2,168.33,165.2,168.1,168.1,"22,235,000"
4/20/2018,167.79,168.43,165.81,166.28,166.28,"19,119,400"
4/23/2018,167.27,168.45,165.09,165.84,165.84,"23,088,100"
4/24/2018,165.43,166.1,158.19,159.69,159.69,"35,079,900"
4/25/2018,160.14,161.06,156.19,159.69,159.69,"41,083,600"
4/26/2018,173.22,176.27,170.8,174.16,174.16,"77,556,900"
4/27/2018,176.81,177.1,172.6,173.59,173.59,"29,804,700"
4/30/2018,173.79,175.72,171.71,172,172,"20,750,500"
5/1/2018,172,174.02,170.23,173.86,173.86,"26,025,900"
5/2/2018,174.25,178.08,174.2,176.07,176.07,"30,424,500"
5/3/2018,175.13,176.12,172.12,174.02,174.02,"24,026,100"
5/4/2018,173.08,176.98,173.06,176.61,176.61,"17,677,800"
5/7/2018,177.35,179.5,177.17,177.97,177.97,"18,697,200"
5/8/2018,178.25,179.04,177.11,178.92,178.92,"15,577,200"
5/9/2018,179.67,183.01,178.78,182.66,182.66,"23,282,800"
5/10/2018,183.15,186.13,182.5,185.53,185.53,"21,071,400"
5/11/2018,184.85,188.32,184.18,186.99,186.99,"21,207,800"
5/14/2018,187.71,187.86,186.2,186.64,186.64,"15,646,700"
5/15/2018,184.88,185.29,183.2,184.32,184.32,"15,429,400"
5/16/2018,183.7,184.32,182.66,183.2,183.2,"16,975,500"
5/17/2018,182.68,184.06,182.22,183.76,183.76,"14,840,700"
5/18/2018,183.49,184.19,182.61,182.68,182.68,"13,130,500"
5/21/2018,183.77,185.3,183.13,184.49,184.49,"13,532,900"
5/22/2018,184.93,185.42,183.43,183.8,183.8,"12,731,400"
5/23/2018,182.5,186.91,182.18,186.9,186.9,"16,628,100"
5/24/2018,185.88,186.8,185.03,185.93,185.93,"12,354,700"
5/25/2018,186.02,186.33,184.45,184.92,184.92,"10,965,100"
5/29/2018,184.34,186.81,183.71,185.74,185.74,"16,398,900"
5/30/2018,186.54,188,185.25,187.67,187.67,"13,736,900"
5/31/2018,187.87,192.72,187.48,191.78,191.78,"30,782,600"
6/1/2018,193.07,194.55,192.07,193.99,193.99,"17,307,200"
6/4/2018,191.84,193.98,191.47,193.28,193.28,"18,939,800"
6/5/2018,194.3,195,192.62,192.94,192.94,"15,544,300"
6/6/2018,191.03,192.53,189.11,191.34,191.34,"22,558,900"
6/7/2018,190.75,190.97,186.77,188.18,188.18,"21,503,200"
6/8/2018,187.53,189.48,186.43,189.1,189.1,"12,677,100"
6/11/2018,188.81,192.6,188.8,191.54,191.54,"12,928,900"
6/12/2018,192.17,193.28,191.56,192.4,192.4,"11,562,700"
6/13/2018,192.74,194.5,191.91,192.41,192.41,"15,853,800"
6/14/2018,193.1,197.28,192.91,196.81,196.81,"19,120,900"
6/15/2018,195.79,197.07,194.64,195.85,195.85,"21,860,900"
6/18/2018,194.8,199.58,194.13,198.31,198.31,"16,826,000"
6/19/2018,196.24,197.96,193.79,197.49,197.49,"19,994,000"
6/20/2018,199.1,203.55,198.81,202,202,"28,230,900"
6/21/2018,202.76,203.39,200.09,201.5,201.5,"19,045,700"
6/22/2018,201.16,202.24,199.31,201.74,201.74,"17,420,200"
6/25/2018,200,200,193.11,196.35,196.35,"25,275,100"
6/26/2018,197.6,199.1,196.23,199,199,"17,897,600"
6/27/2018,199.18,200.75,195.8,195.84,195.84,"18,734,400"
6/28/2018,195.18,197.34,193.26,196.23,196.23,"18,172,400"
6/29/2018,197.32,197.6,193.96,194.32,194.32,"15,811,600"
7/2/2018,193.37,197.45,192.22,197.36,197.36,"13,961,600"
7/3/2018,194.55,195.4,192.52,192.73,192.73,"13,489,500"
7/5/2018,194.74,198.65,194.03,198.45,198.45,"19,684,200"
7/6/2018,198.45,203.64,197.7,203.23,203.23,"19,740,100"
7/9/2018,204.93,205.8,202.12,204.74,204.74,"18,149,400"
7/10/2018,204.5,204.91,202.26,203.54,203.54,"13,190,100"
7/11/2018,202.22,204.5,201.75,202.54,202.54,"12,927,400"
7/12/2018,203.43,207.08,203.19,206.92,206.92,"15,454,700"
7/13/2018,207.81,208.43,206.45,207.32,207.32,"11,486,800"
7/16/2018,207.5,208.72,206.84,207.23,207.23,"11,078,200"
7/17/2018,204.9,210.46,204.84,209.99,209.99,"15,349,900"
7/18/2018,209.82,210.99,208.44,209.36,209.36,"15,334,900"
7/19/2018,208.77,209.99,207.76,208.09,208.09,"11,350,400"
7/20/2018,208.85,211.5,208.5,209.94,209.94,"16,163,900"
7/23/2018,210.58,211.62,208.8,210.91,210.91,"16,732,000"
7/24/2018,215.11,216.2,212.6,214.67,214.67,"28,468,700"
7/25/2018,215.72,218.62,214.27,217.5,217.5,"58,954,200"
7/26/2018,174.89,180.13,173.75,176.26,176.26,"169,803,700"
7/27/2018,179.87,179.93,173,174.89,174.89,"60,073,700"
7/30/2018,175.3,175.3,166.56,171.06,171.06,"65,280,800"
7/31/2018,170.67,174.24,170,172.58,172.58,"40,356,500"
8/1/2018,173.93,175.08,170.9,171.65,171.65,"34,042,100"
8/2/2018,170.68,176.79,170.27,176.37,176.37,"32,400,000"
8/3/2018,177.69,178.85,176.15,177.78,177.78,"24,763,400"
8/6/2018,178.97,185.79,178.38,185.69,185.69,"49,716,200"
8/7/2018,186.5,188.3,183.72,183.81,183.81,"33,398,600"
8/8/2018,184.75,186.85,183.76,185.18,185.18,"22,205,200"
8/9/2018,185.85,186.57,182.48,183.09,183.09,"19,732,100"
8/10/2018,182.04,182.1,179.42,180.26,180.26,"21,500,400"
8/13/2018,180.1,182.61,178.9,180.05,180.05,"17,423,300"
8/14/2018,180.71,181.99,178.62,181.11,181.11,"19,102,000"
8/15/2018,179.34,180.87,174.78,179.53,179.53,"33,020,200"
8/16/2018,180.42,180.5,174.01,174.7,174.7,"31,351,800"
8/17/2018,174.5,176.22,172.04,173.8,173.8,"24,893,200"
8/20/2018,174.04,174.57,170.91,172.5,172.5,"21,518,000"
8/21/2018,172.81,174.17,171.39,172.62,172.62,"19,578,500"
8/22/2018,172.21,174.24,172.13,173.64,173.64,"16,894,100"
8/23/2018,173.09,175.55,172.83,172.9,172.9,"18,053,600"
8/24/2018,173.7,174.82,172.92,174.65,174.65,"14,631,600"
8/27/2018,175.99,178.67,175.79,177.46,177.46,"17,921,900"
8/28/2018,178.1,178.24,175.83,176.26,176.26,"15,910,700"
8/29/2018,176.3,176.79,174.75,175.9,175.9,"18,494,100"
8/30/2018,175.9,179.79,175.7,177.64,177.64,"24,216,500"
8/31/2018,177.15,177.62,174.98,175.73,175.73,"18,065,200"
9/4/2018,173.5,173.89,168.8,171.16,171.16,"29,809,000"
9/5/2018,169.49,171.13,166.67,167.18,167.18,"31,226,700"
9/6/2018,166.98,166.98,160,162.53,162.53,"41,514,800"
9/7/2018,160.31,164.63,160.16,163.04,163.04,"24,300,600"
9/10/2018,163.51,165.01,162.16,164.18,164.18,"20,197,700"
9/11/2018,163.94,167.19,163.72,165.94,165.94,"20,457,100"
9/12/2018,163.25,164.49,161.8,162,162,"24,078,100"
9/13/2018,162,163.32,160.86,161.36,161.36,"25,453,800"
9/14/2018,161.72,162.84,160.34,162.32,162.32,"21,770,400"
9/17/2018,161.92,162.06,159.77,160.58,160.58,"21,005,300"
9/18/2018,159.39,161.76,158.87,160.3,160.3,"22,465,200"
9/19/2018,160.08,163.44,159.48,163.06,163.06,"19,629,000"
9/20/2018,164.5,166.45,164.47,166.02,166.02,"18,936,000"
9/21/2018,166.64,167.25,162.81,162.93,162.93,"45,994,800"
9/24/2018,161.03,165.7,160.88,165.41,165.41,"19,222,800"
9/25/2018,161.99,165.59,161.15,164.91,164.91,"27,622,800"
9/26/2018,164.3,169.3,164.21,166.95,166.95,"25,252,200"
9/27/2018,167.55,171.77,167.21,168.84,168.84,"27,266,900"
9/28/2018,168.33,168.79,162.56,164.46,164.46,"34,265,600"
10/1/2018,163.03,165.88,161.26,162.44,162.44,"26,407,700"
10/2/2018,161.58,162.28,158.67,159.33,159.33,"36,031,000"
10/3/2018,160,163.66,159.53,162.43,162.43,"23,109,500"
10/4/2018,161.46,161.46,157.35,158.85,158.85,"25,739,600"
10/5/2018,159.21,160.9,156.2,157.33,157.33,"25,744,000"
10/8/2018,155.54,158.34,154.39,157.25,157.25,"24,046,000"
10/9/2018,157.69,160.59,157.42,157.9,157.9,"18,844,400"
10/10/2018,156.82,157.69,151.31,151.38,151.38,"30,610,000"
10/11/2018,150.13,154.81,149.16,153.35,153.35,"35,338,900"
10/12/2018,156.73,156.89,151.3,153.74,153.74,"25,293,500"
10/15/2018,153.32,155.57,152.55,153.52,153.52,"15,433,500"
10/16/2018,155.4,159.46,155.01,158.78,158.78,"19,180,100"
10/17/2018,159.56,160.49,157.95,159.42,159.42,"17,592,000"
10/18/2018,158.51,158.66,153.28,154.92,154.92,"21,675,100"
10/19/2018,155.86,157.35,153.55,154.05,154.05,"19,761,300"
10/22/2018,154.76,157.34,154.46,154.78,154.78,"15,424,700"
10/23/2018,151.22,154.77,150.85,154.39,154.39,"19,095,000"
10/24/2018,154.28,154.65,145.6,146.04,146.04,"27,744,600"
10/25/2018,147.73,152.21,147,150.95,150.95,"22,105,700"
10/26/2018,145.82,149,143.8,145.37,145.37,"31,303,300"
10/29/2018,148.5,148.83,139.03,142.09,142.09,"31,336,800"
10/30/2018,139.94,146.64,139.74,146.22,146.22,"50,528,300"
10/31/2018,155,156.4,148.96,151.79,151.79,"60,101,300"
11/1/2018,151.52,152.75,149.35,151.75,151.75,"25,640,800"
11/2/2018,151.8,154.13,148.96,150.35,150.35,"24,708,700"
11/5/2018,150.1,150.19,147.44,148.68,148.68,"15,971,200"
11/6/2018,149.31,150.97,148,149.94,149.94,"16,667,100"
11/7/2018,151.57,153.01,149.83,151.53,151.53,"21,877,400"
11/8/2018,150.49,150.94,146.74,147.87,147.87,"24,145,800"
11/9/2018,146.75,147.76,144.07,144.96,144.96,"17,326,900"
11/12/2018,144.48,145.04,140.49,141.55,141.55,"18,542,100"
11/13/2018,142,144.88,141.62,142.16,142.16,"15,141,700"
11/14/2018,143.7,145.58,141.55,144.22,144.22,"22,068,400"
11/15/2018,142.33,144.84,140.83,143.85,143.85,"30,320,300"
11/16/2018,141.07,141.77,137.77,139.53,139.53,"37,250,600"
11/19/2018,137.61,137.75,131.21,131.55,131.55,"44,362,700"
11/20/2018,127.03,134.16,126.85,132.43,132.43,"41,939,500"
11/21/2018,134.4,137.19,134.13,134.82,134.82,"25,469,700"
11/23/2018,133.65,134.5,131.26,131.73,131.73,"11,886,100"
11/26/2018,133,137,132.78,136.38,136.38,"24,263,600"
11/27/2018,135.75,136.61,133.71,135,135,"20,750,300"
11/28/2018,136.28,136.79,131.85,136.76,136.76,"29,847,500"
11/29/2018,135.92,139.99,135.66,138.68,138.68,"24,238,700"
11/30/2018,138.26,140.97,137.36,140.61,140.61,"25,732,600"
12/3/2018,143,143.68,140.76,141.09,141.09,"24,819,200"
12/4/2018,140.73,143.39,137.16,137.93,137.93,"30,307,400"
12/6/2018,133.82,139.7,133.67,139.63,139.63,"28,218,100"
12/7/2018,139.25,140.87,136.66,137.42,137.42,"21,195,500"
12/10/2018,139.6,143.05,139.01,141.85,141.85,"26,422,200"
12/11/2018,143.88,143.88,141.1,142.08,142.08,"20,300,300"
12/12/2018,143.08,147.19,142.51,144.5,144.5,"23,696,900"
12/13/2018,145.57,145.85,143.19,145.01,145.01,"18,148,600"
12/14/2018,143.34,146.01,142.51,144.06,144.06,"21,785,800"
12/17/2018,143.08,144.92,138.42,140.19,140.19,"24,334,000"
12/18/2018,141.08,145.93,139.83,143.66,143.66,"24,709,100"
12/19/2018,141.21,144.91,132.5,133.24,133.24,"57,404,900"
12/20/2018,130.7,135.57,130,133.4,133.4,"40,297,900"
12/21/2018,133.39,134.9,123.42,124.95,124.95,"56,901,500"
12/24/2018,123.1,129.74,123.02,124.06,124.06,"22,066,000"
12/26/2018,126,134.24,125.89,134.18,134.18,"39,723,400"
12/27/2018,132.44,134.99,129.67,134.52,134.52,"31,202,500"
12/28/2018,135.34,135.92,132.2,133.2,133.2,"22,627,600"
12/31/2018,134.45,134.64,129.95,131.09,131.09,"24,625,300"
1/2/2019,128.99,137.51,128.56,135.68,135.68,"28,146,200"
1/3/2019,134.69,137.17,131.12,131.74,131.74,"22,717,900"
1/4/2019,134.01,138,133.75,137.95,137.95,"29,002,100"
1/7/2019,137.56,138.87,135.91,138.05,138.05,"20,089,300"
1/8/2019,139.89,143.14,139.54,142.53,142.53,"26,263,800"
1/9/2019,142.95,144.7,141.27,144.23,144.23,"22,205,900"
1/10/2019,143.08,144.56,140.84,144.2,144.2,"16,125,000"
1/11/2019,143.15,145.36,142.57,143.8,143.8,"12,908,000"
1/14/2019,142,146.57,141.27,145.39,145.39,"20,520,300"
1/15/2019,146.01,150.68,145.99,148.95,148.95,"24,069,000"
1/16/2019,149,149.65,147,147.54,147.54,"18,025,700"
1/17/2019,146.95,149,146.5,148.3,148.3,"15,787,900"
1/18/2019,149.75,152.43,148.55,150.04,150.04,"31,029,600"
1/22/2019,149.2,151.53,146.37,147.57,147.57,"22,378,700"
1/23/2019,148.28,148.8,143.06,144.3,144.3,"20,098,400"
1/24/2019,144.64,146.44,142.52,145.83,145.83,"20,955,500"
1/25/2019,147.48,149.83,146.54,149.01,149.01,"22,237,200"
1/28/2019,148.05,148.96,146.21,147.47,147.47,"15,508,500"
1/29/2019,148.09,148.1,143.43,144.19,144.19,"17,632,100"
1/30/2019,146.22,150.95,145.7,150.42,150.42,"44,613,200"
1/31/2019,165.6,171.68,165,166.69,166.69,"77,233,600"
2/1/2019,165.84,169.1,165.66,165.71,165.71,"30,806,500"
2/4/2019,165.7,169.3,163.62,169.25,169.25,"20,036,000"
2/5/2019,169.15,171.98,168.69,171.16,171.16,"22,557,000"
2/6/2019,171.2,172.47,169.27,170.49,170.49,"13,281,200"
2/7/2019,168.2,169.24,165.25,166.38,166.38,"17,517,600"
2/8/2019,164.47,167.37,164.21,167.33,167.33,"12,561,400"
2/11/2019,167.9,168.3,165.08,165.79,165.79,"12,811,200"
2/12/2019,166.86,168.34,164.5,165.04,165.04,"16,292,300"
2/13/2019,165.38,166.22,163.73,164.07,164.07,"14,205,100"
2/14/2019,163.19,164.87,162.25,163.95,163.95,"12,755,200"
2/15/2019,164.51,164.7,160.86,162.5,162.5,"15,504,400"
2/19/2019,160.5,164.15,160.33,162.29,162.29,"14,345,400"
2/20/2019,162.25,163.72,161.25,162.56,162.56,"11,770,700"
2/21/2019,161.93,162.24,159.59,160.04,160.04,"15,607,800"
2/22/2019,160.58,162.41,160.31,161.89,161.89,"15,858,500"
2/25/2019,163.07,166.07,162.9,164.62,164.62,"18,737,100"
2/26/2019,164.34,166.24,163.8,164.13,164.13,"13,784,100"
2/27/2019,162.9,163.93,160.41,162.81,162.81,"12,697,500"
2/28/2019,162.37,163.5,160.86,161.45,161.45,"11,114,200"
3/1/2019,162.6,163.13,161.69,162.28,162.28,"11,097,800"
3/4/2019,163.9,167.5,163.83,167.37,167.37,"18,894,700"
3/5/2019,167.37,171.88,166.55,171.26,171.26,"28,187,900"
3/6/2019,172.9,173.57,171.27,172.51,172.51,"21,531,700"
3/7/2019,171.5,171.74,167.61,169.13,169.13,"18,306,500"
3/8/2019,166.2,169.62,165.97,169.6,169.6,"13,184,800"
3/11/2019,171.6,174.3,171.58,172.07,172.07,"18,884,000"
3/12/2019,172.09,173.8,171.22,171.92,171.92,"12,155,300"
3/13/2019,172.32,174.03,172.12,173.37,173.37,"11,973,300"
3/14/2019,169.76,171.15,168.16,170.17,170.17,"18,037,400"
3/15/2019,167.16,167.58,162.51,165.98,165.98,"37,135,400"
3/18/2019,163.57,163.9,159.28,160.47,160.47,"37,524,200"
3/19/2019,161.48,163.82,160.82,161.57,161.57,"25,611,500"
3/20/2019,161.5,166.12,161.24,165.44,165.44,"20,211,500"
3/21/2019,164.89,166.39,163.75,166.08,166.08,"16,223,000"
3/22/2019,165.65,167.42,164.09,164.34,164.34,"16,389,200"
3/25/2019,163,166.54,162,166.29,166.29,"12,631,200"
3/26/2019,167.35,169.45,166.35,167.68,167.68,"15,437,900"
3/27/2019,167.85,168.94,164.79,165.87,165.87,"10,620,300"
3/28/2019,164.57,166.72,163.33,165.55,165.55,"10,443,000"
3/29/2019,166.39,167.19,164.81,166.69,166.69,"13,455,500"
4/1/2019,167.83,168.9,167.28,168.7,168.7,"10,381,500"
4/2/2019,170.14,174.9,169.55,174.2,174.2,"23,946,500"
4/3/2019,174.5,177.96,172.95,173.54,173.54,"27,391,100"
4/4/2019,176.02,178,175.53,176.02,176.02,"17,847,700"
4/5/2019,176.88,177,175.1,175.72,175.72,"9,594,100"
4/8/2019,175.21,175.5,174.23,174.93,174.93,"7,297,400"
4/9/2019,175.62,179.19,175.55,177.58,177.58,"19,751,000"
4/10/2019,178.18,178.79,176.54,177.82,177.82,"11,701,500"
4/11/2019,178.24,178.4,177,177.51,177.51,"8,071,000"
4/12/2019,178,179.63,177.95,179.1,179.1,"12,329,800"
4/15/2019,178.5,180.5,176.87,179.65,179.65,"10,834,800"
4/16/2019,179,180.17,178.3,178.87,178.87,"11,215,200"
4/17/2019,179.6,180.74,178.36,178.78,178.78,"9,973,700"
4/18/2019,178.8,178.88,177.34,178.28,178.28,"11,655,600"
4/22/2019,178.25,181.67,178.25,181.44,181.44,"13,389,900"
4/23/2019,182.74,184.22,181.48,183.78,183.78,"19,954,800"
4/24/2019,184.49,185.14,181.65,182.58,182.58,"37,289,900"
4/25/2019,196.98,198.48,192.12,193.26,193.26,"54,148,800"
4/26/2019,192.5,192.9,189.09,191.49,191.49,"22,075,000"
4/29/2019,190.95,195.41,190.65,194.78,194.78,"19,641,300"
4/30/2019,194.19,197.39,192.28,193.4,193.4,"23,494,700"
5/1/2019,194.78,196.18,193.01,193.03,193.03,"15,996,600"
5/2/2019,193,194,189.75,192.53,192.53,"13,209,500"
5/3/2019,194.38,196.16,193.71,195.47,195.47,"14,575,400"
5/6/2019,191.24,194.28,190.55,193.88,193.88,"13,994,900"
5/7/2019,192.54,192.9,187.85,189.77,189.77,"16,253,000"
5/8/2019,189.39,190.72,188.55,189.54,189.54,"12,505,700"
5/9/2019,187.2,189.77,186.26,188.65,188.65,"12,967,000"
5/10/2019,188.25,190,184.59,188.34,188.34,"12,578,500"
5/13/2019,183.5,185.43,180.84,181.54,181.54,"16,833,300"
5/14/2019,182.52,183.49,178.1,180.73,180.73,"17,628,100"
5/15/2019,180.42,187.28,180.02,186.27,186.27,"16,746,900"
5/16/2019,185.05,188.58,185.05,186.99,186.99,"12,953,100"
5/17/2019,184.84,187.58,184.28,185.3,185.3,"10,485,400"
5/20/2019,181.88,184.23,181.37,182.72,182.72,"10,352,000"
5/21/2019,184.57,185.7,183.89,184.82,184.82,"7,502,800"
5/22/2019,184.73,186.74,183.61,185.32,185.32,"9,213,800"
5/23/2019,182.42,183.9,179.67,180.87,180.87,"12,768,800"
5/24/2019,182.33,183.63,180.83,181.06,181.06,"8,807,700"
5/28/2019,181.54,184.71,181.45,184.31,184.31,"14,843,300"
5/29/2019,183.5,184.56,181.35,182.19,182.19,"12,797,700"
5/30/2019,183.08,183.48,180.89,183.01,183.01,"8,581,500"
5/31/2019,180.28,180.54,177.16,177.47,177.47,"15,226,500"
6/3/2019,175,175.05,161.01,164.15,164.15,"56,059,600"
6/4/2019,163.71,168.28,160.84,167.5,167.5,"46,044,300"
6/5/2019,167.48,168.72,164.63,168.17,168.17,"19,758,300"
6/6/2019,168.3,169.7,167.23,168.33,168.33,"12,446,400"
6/7/2019,170.17,173.87,168.84,173.35,173.35,"16,917,300"
6/10/2019,174.75,177.86,173.8,174.82,174.82,"14,767,900"
6/11/2019,178.48,179.98,176.79,178.1,178.1,"15,266,600"
6/12/2019,178.38,179.27,172.88,175.04,175.04,"17,699,800"
6/13/2019,175.53,178.03,174.61,177.47,177.47,"12,253,600"
6/14/2019,180.51,181.84,180,181.33,181.33,"16,773,700"
6/17/2019,185.01,189.5,184.41,189.01,189.01,"29,459,900"
6/18/2019,194,194.53,187.28,188.47,188.47,"37,571,400"
6/19/2019,187,188.1,184.55,187.48,187.48,"21,417,100"
6/20/2019,190.95,191.16,187.64,189.53,189.53,"14,635,700"
6/21/2019,188.75,192,188.75,191.14,191.14,"22,751,200"
6/24/2019,192.42,193.98,191.57,192.6,192.6,"15,509,000"
6/25/2019,192.88,193.14,188.13,188.84,188.84,"16,750,300"
6/26/2019,189.54,190.76,187.31,187.66,187.66,"12,808,600"
6/27/2019,189.88,198.88,188.27,189.5,189.5,"11,159,000"
6/28/2019,190.55,193.2,189.94,193,193,"16,378,900"
